American_Goldfinch,American_Robin,Barn_Swallow,Blue_Jay,Blue-grey_Gnatcatcher,Carolina_Chickadee,Carolina_Wren,Cedar_Waxwing,Northern_Cardinal,Ruby-crowned_Kinglet
American_Goldfinch_XC114342.mp3,American_Robin_XC112597.mp3,Barn_Swallow_XC113501.mp3,Blue_Jay_XC110056.mp3,Blue-grey_Gnatcatcher_XC130506.mp3,Carolina_Chickadee_XC111140.mp3,Carolina_Wren_XC112512.mp3,Cedar_Waxwing_XC121795.mp3,Northern_Cardinal_XC110059.mp3,Ruby-crowned_Kinglet_XC129806.mp3
American_Goldfinch_XC124312.mp3,American_Robin_XC114082.mp3,Barn_Swallow_XC123032.mp3,Blue_Jay_XC114085.mp3,Blue-grey_Gnatcatcher_XC130507.mp3,Carolina_Chickadee_XC112508.mp3,Carolina_Wren_XC116314.mp3,Cedar_Waxwing_XC121796.mp3,Northern_Cardinal_XC112830.mp3,Ruby-crowned_Kinglet_XC131366.mp3
American_Goldfinch_XC133564.mp3,American_Robin_XC114083.mp3,Barn_Swallow_XC123035.mp3,Blue_Jay_XC116372.mp3,Blue-grey_Gnatcatcher_XC130508.mp3,Carolina_Chickadee_XC112509.mp3,Carolina_Wren_XC122447.mp3,Cedar_Waxwing_XC121797.mp3,Northern_Cardinal_XC130962.mp3,Ruby-crowned_Kinglet_XC131957.mp3
American_Goldfinch_XC133565.mp3,American_Robin_XC122037.mp3,Barn_Swallow_XC123036.mp3,Blue_Jay_XC116373.mp3,Blue-grey_Gnatcatcher_XC130511.mp3,Carolina_Chickadee_XC112510.mp3,Carolina_Wren_XC125657.mp3,Cedar_Waxwing_XC121798.mp3,Northern_Cardinal_XC130966.mp3,Ruby-crowned_Kinglet_XC138055.mp3
American_Goldfinch_XC141469.mp3,American_Robin_XC130246.mp3,Barn_Swallow_XC123066.mp3,Blue_Jay_XC116374.mp3,Blue-grey_Gnatcatcher_XC130512.mp3,Carolina_Chickadee_XC112633.mp3,Carolina_Wren_XC125658.mp3,Cedar_Waxwing_XC121799.mp3,Northern_Cardinal_XC141210.mp3,Ruby-crowned_Kinglet_XC156726.mp3
American_Goldfinch_XC153552.mp3,American_Robin_XC131093.mp3,Barn_Swallow_XC123067.mp3,Blue_Jay_XC122442.mp3,Blue-grey_Gnatcatcher_XC134276.mp3,Carolina_Chickadee_XC113373.mp3,Carolina_Wren_XC136279.mp3,Cedar_Waxwing_XC121800.mp3,Northern_Cardinal_XC141268.mp3,Ruby-crowned_Kinglet_XC159571.mp3
American_Goldfinch_XC157457.mp3,American_Robin_XC132864.mp3,Barn_Swallow_XC123068.mp3,Blue_Jay_XC122443.mp3,Blue-grey_Gnatcatcher_XC134277.mp3,Carolina_Chickadee_XC121929.mp3,Carolina_Wren_XC141031.mp3,Cedar_Waxwing_XC121801.mp3,Northern_Cardinal_XC142340.mp3,Ruby-crowned_Kinglet_XC159642.mp3
American_Goldfinch_XC158924.mp3,American_Robin_XC134500.mp3,Barn_Swallow_XC123069.mp3,Blue_Jay_XC130505.mp3,Blue-grey_Gnatcatcher_XC134759.mp3,Carolina_Chickadee_XC121930.mp3,Carolina_Wren_XC141281.mp3,Cedar_Waxwing_XC121802.mp3,Northern_Cardinal_XC142500.mp3,Ruby-crowned_Kinglet_XC159644.mp3
American_Goldfinch_XC158985.mp3,American_Robin_XC135092.mp3,Barn_Swallow_XC123070.mp3,Blue_Jay_XC133567.mp3,Blue-grey_Gnatcatcher_XC135063.mp3,Carolina_Chickadee_XC121932.mp3,Carolina_Wren_XC141460.mp3,Cedar_Waxwing_XC121804.mp3,Northern_Cardinal_XC143801.mp3,Ruby-crowned_Kinglet_XC159694.mp3
American_Goldfinch_XC159013.mp3,American_Robin_XC138063.mp3,Barn_Swallow_XC126103.mp3,Blue_Jay_XC134994.mp3,Blue-grey_Gnatcatcher_XC136278.mp3,Carolina_Chickadee_XC121933.mp3,Carolina_Wren_XC141555.mp3,Cedar_Waxwing_XC121805.mp3,Northern_Cardinal_XC143802.mp3,Ruby-crowned_Kinglet_XC159810.mp3
American_Goldfinch_XC159037.mp3,American_Robin_XC138237.mp3,Barn_Swallow_XC135474.mp3,Blue_Jay_XC138491.mp3,Blue-grey_Gnatcatcher_XC136294.mp3,Carolina_Chickadee_XC121934.mp3,Carolina_Wren_XC142554.mp3,Cedar_Waxwing_XC131645.mp3,Northern_Cardinal_XC143803.mp3,Ruby-crowned_Kinglet_XC159890.mp3
American_Goldfinch_XC159207.mp3,American_Robin_XC138709.mp3,Barn_Swallow_XC138014.mp3,Blue_Jay_XC139505.mp3,Blue-grey_Gnatcatcher_XC136298.mp3,Carolina_Chickadee_XC121935.mp3,Carolina_Wren_XC143793.mp3,Cedar_Waxwing_XC135078.mp3,Northern_Cardinal_XC143804.mp3,Ruby-crowned_Kinglet_XC160389.mp3
American_Goldfinch_XC159209.mp3,American_Robin_XC138712.mp3,Barn_Swallow_XC139171.mp3,Blue_Jay_XC139930.mp3,Blue-grey_Gnatcatcher_XC137714.mp3,Carolina_Chickadee_XC123408.mp3,Carolina_Wren_XC145774.mp3,Cedar_Waxwing_XC136106.mp3,Northern_Cardinal_XC144136.mp3,Ruby-crowned_Kinglet_XC162427.mp3
American_Goldfinch_XC159240.mp3,American_Robin_XC139054.mp3,Barn_Swallow_XC141346.mp3,Blue_Jay_XC140465.mp3,Blue-grey_Gnatcatcher_XC137818.mp3,Carolina_Chickadee_XC124069.mp3,Carolina_Wren_XC147165.mp3,Cedar_Waxwing_XC139901.mp3,Northern_Cardinal_XC145832.mp3,Ruby-crowned_Kinglet_XC170149.mp3
American_Goldfinch_XC159284.mp3,American_Robin_XC139225.mp3,Barn_Swallow_XC142466.mp3,Blue_Jay_XC140831.mp3,Blue-grey_Gnatcatcher_XC140037.mp3,Carolina_Chickadee_XC130533.mp3,Carolina_Wren_XC147193.mp3,Cedar_Waxwing_XC142477.mp3,Northern_Cardinal_XC147474.mp3,Ruby-crowned_Kinglet_XC173892.mp3
American_Goldfinch_XC159286.mp3,American_Robin_XC141221.mp3,Barn_Swallow_XC142633.mp3,Blue_Jay_XC141032.mp3,Blue-grey_Gnatcatcher_XC140259.mp3,Carolina_Chickadee_XC135106.mp3,Carolina_Wren_XC161200.mp3,Cedar_Waxwing_XC142478.mp3,Northern_Cardinal_XC153540.mp3,Ruby-crowned_Kinglet_XC173893.mp3
American_Goldfinch_XC159567.mp3,American_Robin_XC146297.mp3,Barn_Swallow_XC142794.mp3,Blue_Jay_XC141539.mp3,Blue-grey_Gnatcatcher_XC141458.mp3,Carolina_Chickadee_XC135127.mp3,Carolina_Wren_XC161228.mp3,Cedar_Waxwing_XC142622.mp3,Northern_Cardinal_XC158418.mp3,Ruby-crowned_Kinglet_XC173895.mp3
American_Goldfinch_XC159568.mp3,American_Robin_XC153633.mp3,Barn_Swallow_XC143303.mp3,Blue_Jay_XC142185.mp3,Blue-grey_Gnatcatcher_XC147059.mp3,Carolina_Chickadee_XC139090.mp3,Carolina_Wren_XC161230.mp3,Cedar_Waxwing_XC144027.mp3,Northern_Cardinal_XC163305.mp3,Ruby-crowned_Kinglet_XC175094.mp3
American_Goldfinch_XC159604.mp3,American_Robin_XC153866.mp3,Barn_Swallow_XC144982.mp3,Blue_Jay_XC142244.mp3,Blue-grey_Gnatcatcher_XC151249.mp3,Carolina_Chickadee_XC141904.mp3,Carolina_Wren_XC161235.mp3,Cedar_Waxwing_XC159393.mp3,Northern_Cardinal_XC163308.mp3,Ruby-crowned_Kinglet_XC181496.mp3
American_Goldfinch_XC160625.mp3,American_Robin_XC157683.mp3,Barn_Swallow_XC146746.mp3,Blue_Jay_XC144383.mp3,Blue-grey_Gnatcatcher_XC158415.mp3,Carolina_Chickadee_XC154971.mp3,Carolina_Wren_XC166959.mp3,Cedar_Waxwing_XC159774.mp3,Northern_Cardinal_XC163311.mp3,Ruby-crowned_Kinglet_XC188240.mp3
American_Goldfinch_XC160660.mp3,American_Robin_XC157883.mp3,Barn_Swallow_XC147199.mp3,Blue_Jay_XC144899.mp3,Blue-grey_Gnatcatcher_XC169145.mp3,Carolina_Chickadee_XC167822.mp3,Carolina_Wren_XC167825.mp3,Cedar_Waxwing_XC159842.mp3,Northern_Cardinal_XC163314.mp3,Ruby-crowned_Kinglet_XC188379.mp3
American_Goldfinch_XC160665.mp3,American_Robin_XC158033.mp3,Barn_Swallow_XC147276.mp3,Blue_Jay_XC148726.mp3,Blue-grey_Gnatcatcher_XC169146.mp3,Carolina_Chickadee_XC167823.mp3,Carolina_Wren_XC168620.mp3,Cedar_Waxwing_XC166089.mp3,Northern_Cardinal_XC163317.mp3,Ruby-crowned_Kinglet_XC191466.mp3
American_Goldfinch_XC160788.mp3,American_Robin_XC158035.mp3,Barn_Swallow_XC147393.mp3,Blue_Jay_XC149302.mp3,Blue-grey_Gnatcatcher_XC169151.mp3,Carolina_Chickadee_XC167824.mp3,Carolina_Wren_XC168622.mp3,Cedar_Waxwing_XC168871.mp3,Northern_Cardinal_XC163782.mp3,Ruby-crowned_Kinglet_XC193049.mp3
American_Goldfinch_XC160789.mp3,American_Robin_XC158036.mp3,Barn_Swallow_XC157370.mp3,Blue_Jay_XC149303.mp3,Blue-grey_Gnatcatcher_XC173282.mp3,Carolina_Chickadee_XC173446.mp3,Carolina_Wren_XC168623.mp3,Cedar_Waxwing_XC169237.mp3,Northern_Cardinal_XC165343.mp3,Ruby-crowned_Kinglet_XC201424.mp3
American_Goldfinch_XC160802.mp3,American_Robin_XC158919.mp3,Barn_Swallow_XC157375.mp3,Blue_Jay_XC149305.mp3,Blue-grey_Gnatcatcher_XC173283.mp3,Carolina_Chickadee_XC173448.mp3,Carolina_Wren_XC168625.mp3,Cedar_Waxwing_XC185609.mp3,Northern_Cardinal_XC169226.mp3,Ruby-crowned_Kinglet_XC203760.mp3
American_Goldfinch_XC163044.mp3,American_Robin_XC158927.mp3,Barn_Swallow_XC159064.mp3,Blue_Jay_XC149308.mp3,Blue-grey_Gnatcatcher_XC173284.mp3,Carolina_Chickadee_XC173449.mp3,Carolina_Wren_XC168626.mp3,Cedar_Waxwing_XC190455.mp3,Northern_Cardinal_XC172436.mp3,Ruby-crowned_Kinglet_XC210994.mp3
American_Goldfinch_XC165034.mp3,American_Robin_XC158960.mp3,Barn_Swallow_XC159134.mp3,Blue_Jay_XC149309.mp3,Blue-grey_Gnatcatcher_XC179812.mp3,Carolina_Chickadee_XC173451.mp3,Carolina_Wren_XC169159.mp3,Cedar_Waxwing_XC191446.mp3,Northern_Cardinal_XC177125.mp3,Ruby-crowned_Kinglet_XC211133.mp3
American_Goldfinch_XC169080.mp3,American_Robin_XC158980.mp3,Barn_Swallow_XC159256.mp3,Blue_Jay_XC149311.mp3,Blue-grey_Gnatcatcher_XC181109.mp3,Carolina_Chickadee_XC173453.mp3,Carolina_Wren_XC169160.mp3,Cedar_Waxwing_XC205985.mp3,Northern_Cardinal_XC177130.mp3,Ruby-crowned_Kinglet_XC229050.mp3
American_Goldfinch_XC169081.mp3,American_Robin_XC158993.mp3,Barn_Swallow_XC163458.mp3,Blue_Jay_XC149313.mp3,Blue-grey_Gnatcatcher_XC181408.mp3,Carolina_Chickadee_XC173455.mp3,Carolina_Wren_XC169161.mp3,Cedar_Waxwing_XC216848.mp3,Northern_Cardinal_XC177131.mp3,Ruby-crowned_Kinglet_XC229051.mp3
American_Goldfinch_XC169083.mp3,American_Robin_XC159097.mp3,Barn_Swallow_XC164428.mp3,Blue_Jay_XC149315.mp3,Blue-grey_Gnatcatcher_XC181412.mp3,Carolina_Chickadee_XC173457.mp3,Carolina_Wren_XC169363.mp3,Cedar_Waxwing_XC219783.mp3,Northern_Cardinal_XC177133.mp3,Ruby-crowned_Kinglet_XC229052.mp3
American_Goldfinch_XC169084.mp3,American_Robin_XC159109.mp3,Barn_Swallow_XC164429.mp3,Blue_Jay_XC149316.mp3,Blue-grey_Gnatcatcher_XC192059.mp3,Carolina_Chickadee_XC173458.mp3,Carolina_Wren_XC173574.mp3,Cedar_Waxwing_XC219784.mp3,Northern_Cardinal_XC177573.mp3,Ruby-crowned_Kinglet_XC229930.mp3
American_Goldfinch_XC175254.mp3,American_Robin_XC159372.mp3,Barn_Swallow_XC164430.mp3,Blue_Jay_XC149318.mp3,Blue-grey_Gnatcatcher_XC196885.mp3,Carolina_Chickadee_XC173460.mp3,Carolina_Wren_XC173577.mp3,Cedar_Waxwing_XC240175.mp3,Northern_Cardinal_XC189324.mp3,Ruby-crowned_Kinglet_XC229931.mp3
American_Goldfinch_XC179074.mp3,American_Robin_XC159669.mp3,Barn_Swallow_XC166240.mp3,Blue_Jay_XC149331.mp3,Blue-grey_Gnatcatcher_XC196893.mp3,Carolina_Chickadee_XC173462.mp3,Carolina_Wren_XC173579.mp3,Cedar_Waxwing_XC253514.mp3,Northern_Cardinal_XC190446.mp3,Ruby-crowned_Kinglet_XC229932.mp3
American_Goldfinch_XC179092.mp3,American_Robin_XC159676.mp3,Barn_Swallow_XC166241.mp3,Blue_Jay_XC149336.mp3,Blue-grey_Gnatcatcher_XC205394.mp3,Carolina_Chickadee_XC179084.mp3,Carolina_Wren_XC181691.mp3,Cedar_Waxwing_XC253578.mp3,Northern_Cardinal_XC190468.mp3,Ruby-crowned_Kinglet_XC229933.mp3
American_Goldfinch_XC179124.mp3,American_Robin_XC159739.mp3,Barn_Swallow_XC166242.mp3,Blue_Jay_XC149337.mp3,Blue-grey_Gnatcatcher_XC205395.mp3,Carolina_Chickadee_XC209081.mp3,Carolina_Wren_XC199434.mp3,Cedar_Waxwing_XC254630.mp3,Northern_Cardinal_XC190562.mp3,Ruby-crowned_Kinglet_XC229934.mp3
American_Goldfinch_XC182078.mp3,American_Robin_XC159750.mp3,Barn_Swallow_XC174592.mp3,Blue_Jay_XC149338.mp3,Blue-grey_Gnatcatcher_XC205420.mp3,Carolina_Chickadee_XC211135.mp3,Carolina_Wren_XC202128.mp3,Cedar_Waxwing_XC255275.mp3,Northern_Cardinal_XC192422.mp3,Ruby-crowned_Kinglet_XC229935.mp3
American_Goldfinch_XC182406.mp3,American_Robin_XC159905.mp3,Barn_Swallow_XC176624.mp3,Blue_Jay_XC155439.mp3,Blue-grey_Gnatcatcher_XC205431.mp3,Carolina_Chickadee_XC227272.mp3,Carolina_Wren_XC210844.mp3,Cedar_Waxwing_XC269177.mp3,Northern_Cardinal_XC197298.mp3,Ruby-crowned_Kinglet_XC229936.mp3
American_Goldfinch_XC192099.mp3,American_Robin_XC160003.mp3,Barn_Swallow_XC176625.mp3,Blue_Jay_XC160564.mp3,Blue-grey_Gnatcatcher_XC205523.mp3,Carolina_Chickadee_XC227273.mp3,Carolina_Wren_XC210846.mp3,Cedar_Waxwing_XC269178.mp3,Northern_Cardinal_XC199662.mp3,Ruby-crowned_Kinglet_XC229944.mp3
American_Goldfinch_XC205514.mp3,American_Robin_XC160026.mp3,Barn_Swallow_XC178328.mp3,Blue_Jay_XC163419.mp3,Blue-grey_Gnatcatcher_XC205774.mp3,Carolina_Chickadee_XC234311.mp3,Carolina_Wren_XC210847.mp3,Cedar_Waxwing_XC276800.mp3,Northern_Cardinal_XC202181.mp3,Ruby-crowned_Kinglet_XC232971.mp3
American_Goldfinch_XC210732.mp3,American_Robin_XC160094.mp3,Barn_Swallow_XC179356.mp3,Blue_Jay_XC163420.mp3,Blue-grey_Gnatcatcher_XC205869.mp3,Carolina_Chickadee_XC267298.mp3,Carolina_Wren_XC210850.mp3,Cedar_Waxwing_XC288251.mp3,Northern_Cardinal_XC203261.mp3,Ruby-crowned_Kinglet_XC233657.mp3
American_Goldfinch_XC210744.mp3,American_Robin_XC160308.mp3,Barn_Swallow_XC183402.mp3,Blue_Jay_XC163421.mp3,Blue-grey_Gnatcatcher_XC228487.mp3,Carolina_Chickadee_XC269614.mp3,Carolina_Wren_XC210852.mp3,Cedar_Waxwing_XC289252.mp3,Northern_Cardinal_XC204955.mp3,Ruby-crowned_Kinglet_XC233730.mp3
American_Goldfinch_XC210746.mp3,American_Robin_XC160315.mp3,Barn_Swallow_XC183791.mp3,Blue_Jay_XC163422.mp3,Blue-grey_Gnatcatcher_XC228488.mp3,Carolina_Chickadee_XC293294.mp3,Carolina_Wren_XC210853.mp3,Cedar_Waxwing_XC290061.mp3,Northern_Cardinal_XC205822.mp3,Ruby-crowned_Kinglet_XC284509.mp3
American_Goldfinch_XC210754.mp3,American_Robin_XC160326.mp3,Barn_Swallow_XC183794.mp3,Blue_Jay_XC163423.mp3,Blue-grey_Gnatcatcher_XC228489.mp3,Carolina_Chickadee_XC296929.mp3,Carolina_Wren_XC210855.mp3,Cedar_Waxwing_XC291918.mp3,Northern_Cardinal_XC205824.mp3,Ruby-crowned_Kinglet_XC288237.mp3
American_Goldfinch_XC210757.mp3,American_Robin_XC160344.mp3,Barn_Swallow_XC184414.mp3,Blue_Jay_XC164547.mp3,Blue-grey_Gnatcatcher_XC228490.mp3,Carolina_Chickadee_XC296930.mp3,Carolina_Wren_XC212257.mp3,Cedar_Waxwing_XC296871.mp3,Northern_Cardinal_XC220399.mp3,Ruby-crowned_Kinglet_XC288840.mp3
American_Goldfinch_XC217005.mp3,American_Robin_XC160349.mp3,Barn_Swallow_XC184536.mp3,Blue_Jay_XC164548.mp3,Blue-grey_Gnatcatcher_XC228492.mp3,Carolina_Chickadee_XC309487.mp3,Carolina_Wren_XC213519.mp3,Cedar_Waxwing_XC296878.mp3,Northern_Cardinal_XC220404.mp3,Ruby-crowned_Kinglet_XC289253.mp3
American_Goldfinch_XC253704.mp3,American_Robin_XC160350.mp3,Barn_Swallow_XC184537.mp3,Blue_Jay_XC164549.mp3,Blue-grey_Gnatcatcher_XC228494.mp3,Carolina_Chickadee_XC319603.mp3,Carolina_Wren_XC216250.mp3,Cedar_Waxwing_XC298968.mp3,Northern_Cardinal_XC220407.mp3,Ruby-crowned_Kinglet_XC289677.mp3
American_Goldfinch_XC254689.mp3,American_Robin_XC160358.mp3,Barn_Swallow_XC184538.mp3,Blue_Jay_XC164730.mp3,Blue-grey_Gnatcatcher_XC228495.mp3,Carolina_Chickadee_XC326922.mp3,Carolina_Wren_XC216274.mp3,Cedar_Waxwing_XC301200.mp3,Northern_Cardinal_XC234664.mp3,Ruby-crowned_Kinglet_XC291496.mp3
American_Goldfinch_XC268737.mp3,American_Robin_XC160363.mp3,Barn_Swallow_XC184539.mp3,Blue_Jay_XC165317.mp3,Blue-grey_Gnatcatcher_XC228497.mp3,Carolina_Chickadee_XC339932.mp3,Carolina_Wren_XC217121.mp3,Cedar_Waxwing_XC305407.mp3,Northern_Cardinal_XC236565.mp3,Ruby-crowned_Kinglet_XC291497.mp3
American_Goldfinch_XC268738.mp3,American_Robin_XC160365.mp3,Barn_Swallow_XC184541.mp3,Blue_Jay_XC165318.mp3,Blue-grey_Gnatcatcher_XC235197.mp3,Carolina_Chickadee_XC341247.mp3,Carolina_Wren_XC231100.mp3,Cedar_Waxwing_XC305408.mp3,Northern_Cardinal_XC237430.mp3,Ruby-crowned_Kinglet_XC291510.mp3
American_Goldfinch_XC276993.mp3,American_Robin_XC160366.mp3,Barn_Swallow_XC184850.mp3,Blue_Jay_XC165319.mp3,Blue-grey_Gnatcatcher_XC247308.mp3,Carolina_Chickadee_XC356724.mp3,Carolina_Wren_XC234668.mp3,Cedar_Waxwing_XC306115.mp3,Northern_Cardinal_XC237431.mp3,Ruby-crowned_Kinglet_XC293811.mp3
American_Goldfinch_XC288983.mp3,American_Robin_XC160468.mp3,Barn_Swallow_XC185322.mp3,Blue_Jay_XC165320.mp3,Blue-grey_Gnatcatcher_XC253921.mp3,Carolina_Chickadee_XC357978.mp3,Carolina_Wren_XC254934.mp3,Cedar_Waxwing_XC306661.mp3,Northern_Cardinal_XC252602.mp3,Ruby-crowned_Kinglet_XC294802.mp3
American_Goldfinch_XC288984.mp3,American_Robin_XC160477.mp3,Barn_Swallow_XC188601.mp3,Blue_Jay_XC165321.mp3,Blue-grey_Gnatcatcher_XC255294.mp3,Carolina_Chickadee_XC357980.mp3,Carolina_Wren_XC268213.mp3,Cedar_Waxwing_XC307463.mp3,Northern_Cardinal_XC263096.mp3,Ruby-crowned_Kinglet_XC296931.mp3
American_Goldfinch_XC294256.mp3,American_Robin_XC160563.mp3,Barn_Swallow_XC189845.mp3,Blue_Jay_XC165322.mp3,Blue-grey_Gnatcatcher_XC255295.mp3,Carolina_Chickadee_XC357982.mp3,Carolina_Wren_XC268634.mp3,Cedar_Waxwing_XC307481.mp3,Northern_Cardinal_XC266324.mp3,Ruby-crowned_Kinglet_XC306158.mp3
American_Goldfinch_XC294424.mp3,American_Robin_XC160576.mp3,Barn_Swallow_XC190143.mp3,Blue_Jay_XC165323.mp3,Blue-grey_Gnatcatcher_XC255631.mp3,Carolina_Chickadee_XC357985.mp3,Carolina_Wren_XC277282.mp3,Cedar_Waxwing_XC313682.mp3,Northern_Cardinal_XC266328.mp3,Ruby-crowned_Kinglet_XC306521.mp3
American_Goldfinch_XC297642.mp3,American_Robin_XC160680.mp3,Barn_Swallow_XC190319.mp3,Blue_Jay_XC165324.mp3,Blue-grey_Gnatcatcher_XC262815.mp3,Carolina_Chickadee_XC357986.mp3,Carolina_Wren_XC278595.mp3,Cedar_Waxwing_XC313683.mp3,Northern_Cardinal_XC266340.mp3,Ruby-crowned_Kinglet_XC306946.mp3
American_Goldfinch_XC298362.mp3,American_Robin_XC160739.mp3,Barn_Swallow_XC190322.mp3,Blue_Jay_XC165396.mp3,Blue-grey_Gnatcatcher_XC263483.mp3,Carolina_Chickadee_XC358096.mp3,Carolina_Wren_XC285279.mp3,Cedar_Waxwing_XC313684.mp3,Northern_Cardinal_XC266633.mp3,Ruby-crowned_Kinglet_XC312984.mp3
American_Goldfinch_XC313060.mp3,American_Robin_XC160745.mp3,Barn_Swallow_XC190324.mp3,Blue_Jay_XC167820.mp3,Blue-grey_Gnatcatcher_XC263484.mp3,Carolina_Chickadee_XC358097.mp3,Carolina_Wren_XC285280.mp3,Cedar_Waxwing_XC314414.mp3,Northern_Cardinal_XC266638.mp3,Ruby-crowned_Kinglet_XC319406.mp3
American_Goldfinch_XC313679.mp3,American_Robin_XC160752.mp3,Barn_Swallow_XC190326.mp3,Blue_Jay_XC167954.mp3,Blue-grey_Gnatcatcher_XC263485.mp3,Carolina_Chickadee_XC358098.mp3,Carolina_Wren_XC286401.mp3,Cedar_Waxwing_XC315584.mp3,Northern_Cardinal_XC270548.mp3,Ruby-crowned_Kinglet_XC319514.mp3
American_Goldfinch_XC315515.mp3,American_Robin_XC160783.mp3,Barn_Swallow_XC190327.mp3,Blue_Jay_XC168072.mp3,Blue-grey_Gnatcatcher_XC267310.mp3,Carolina_Chickadee_XC358099.mp3,Carolina_Wren_XC286403.mp3,Cedar_Waxwing_XC321881.mp3,Northern_Cardinal_XC274511.mp3,Ruby-crowned_Kinglet_XC322945.mp3
American_Goldfinch_XC318488.mp3,American_Robin_XC160786.mp3,Barn_Swallow_XC190329.mp3,Blue_Jay_XC168073.mp3,Blue-grey_Gnatcatcher_XC269495.mp3,Carolina_Chickadee_XC358100.mp3,Carolina_Wren_XC286404.mp3,Cedar_Waxwing_XC329907.mp3,Northern_Cardinal_XC286524.mp3,Ruby-crowned_Kinglet_XC323030.mp3
American_Goldfinch_XC323308.mp3,American_Robin_XC160798.mp3,Barn_Swallow_XC190332.mp3,Blue_Jay_XC168074.mp3,Blue-grey_Gnatcatcher_XC269496.mp3,Carolina_Chickadee_XC358101.mp3,Carolina_Wren_XC288991.mp3,Cedar_Waxwing_XC360354.mp3,Northern_Cardinal_XC287874.mp3,Ruby-crowned_Kinglet_XC335809.mp3
American_Goldfinch_XC325659.mp3,American_Robin_XC160821.mp3,Barn_Swallow_XC190333.mp3,Blue_Jay_XC168075.mp3,Blue-grey_Gnatcatcher_XC274876.mp3,Carolina_Chickadee_XC358103.mp3,Carolina_Wren_XC291923.mp3,Cedar_Waxwing_XC361006.mp3,Northern_Cardinal_XC287875.mp3,Ruby-crowned_Kinglet_XC344647.mp3
American_Goldfinch_XC334891.mp3,American_Robin_XC161561.mp3,Barn_Swallow_XC190564.mp3,Blue_Jay_XC168076.mp3,Blue-grey_Gnatcatcher_XC291617.mp3,Carolina_Chickadee_XC358104.mp3,Carolina_Wren_XC295852.mp3,Cedar_Waxwing_XC363168.mp3,Northern_Cardinal_XC288484.mp3,Ruby-crowned_Kinglet_XC351653.mp3
American_Goldfinch_XC344965.mp3,American_Robin_XC163129.mp3,Barn_Swallow_XC190566.mp3,Blue_Jay_XC168077.mp3,Blue-grey_Gnatcatcher_XC291618.mp3,Carolina_Chickadee_XC358105.mp3,Carolina_Wren_XC295853.mp3,Cedar_Waxwing_XC374142.mp3,Northern_Cardinal_XC297291.mp3,Ruby-crowned_Kinglet_XC352807.mp3
American_Goldfinch_XC363216.mp3,American_Robin_XC163130.mp3,Barn_Swallow_XC190646.mp3,Blue_Jay_XC168078.mp3,Blue-grey_Gnatcatcher_XC297504.mp3,Carolina_Chickadee_XC358106.mp3,Carolina_Wren_XC295854.mp3,Cedar_Waxwing_XC393132.mp3,Northern_Cardinal_XC297495.mp3,Ruby-crowned_Kinglet_XC352809.mp3
American_Goldfinch_XC367697.mp3,American_Robin_XC163131.mp3,Barn_Swallow_XC190647.mp3,Blue_Jay_XC168079.mp3,Blue-grey_Gnatcatcher_XC301531.mp3,Carolina_Chickadee_XC358107.mp3,Carolina_Wren_XC297112.mp3,Cedar_Waxwing_XC407872.mp3,Northern_Cardinal_XC303678.mp3,Ruby-crowned_Kinglet_XC356194.mp3
American_Goldfinch_XC368590.mp3,American_Robin_XC163132.mp3,Barn_Swallow_XC190648.mp3,Blue_Jay_XC168080.mp3,Blue-grey_Gnatcatcher_XC302322.mp3,Carolina_Chickadee_XC358108.mp3,Carolina_Wren_XC297113.mp3,Cedar_Waxwing_XC408579.mp3,Northern_Cardinal_XC306947.mp3,Ruby-crowned_Kinglet_XC358259.mp3
American_Goldfinch_XC372211.mp3,American_Robin_XC163135.mp3,Barn_Swallow_XC190649.mp3,Blue_Jay_XC168081.mp3,Blue-grey_Gnatcatcher_XC302534.mp3,Carolina_Chickadee_XC358109.mp3,Carolina_Wren_XC301432.mp3,Cedar_Waxwing_XC408580.mp3,Northern_Cardinal_XC309818.mp3,Ruby-crowned_Kinglet_XC358321.mp3
American_Goldfinch_XC376792.mp3,American_Robin_XC163137.mp3,Barn_Swallow_XC190650.mp3,Blue_Jay_XC168082.mp3,Blue-grey_Gnatcatcher_XC313272.mp3,Carolina_Chickadee_XC358441.mp3,Carolina_Wren_XC305161.mp3,Cedar_Waxwing_XC408581.mp3,Northern_Cardinal_XC309819.mp3,Ruby-crowned_Kinglet_XC369850.mp3
American_Goldfinch_XC383071.mp3,American_Robin_XC163143.mp3,Barn_Swallow_XC190651.mp3,Blue_Jay_XC168084.mp3,Blue-grey_Gnatcatcher_XC313464.mp3,Carolina_Chickadee_XC361490.mp3,Carolina_Wren_XC307754.mp3,Cedar_Waxwing_XC413151.mp3,Northern_Cardinal_XC309820.mp3,Ruby-crowned_Kinglet_XC371954.mp3
American_Goldfinch_XC383905.mp3,American_Robin_XC163685.mp3,Barn_Swallow_XC190652.mp3,Blue_Jay_XC168085.mp3,Blue-grey_Gnatcatcher_XC313507.mp3,Carolina_Chickadee_XC362250.mp3,Carolina_Wren_XC309314.mp3,Cedar_Waxwing_XC420964.mp3,Northern_Cardinal_XC309821.mp3,Ruby-crowned_Kinglet_XC381790.mp3
American_Goldfinch_XC385206.mp3,American_Robin_XC163785.mp3,Barn_Swallow_XC190653.mp3,Blue_Jay_XC168086.mp3,Blue-grey_Gnatcatcher_XC313741.mp3,Carolina_Chickadee_XC362251.mp3,Carolina_Wren_XC314878.mp3,Cedar_Waxwing_XC421284.mp3,Northern_Cardinal_XC313476.mp3,Ruby-crowned_Kinglet_XC389093.mp3
American_Goldfinch_XC388255.mp3,American_Robin_XC164121.mp3,Barn_Swallow_XC190654.mp3,Blue_Jay_XC168090.mp3,Blue-grey_Gnatcatcher_XC314875.mp3,Carolina_Chickadee_XC363863.mp3,Carolina_Wren_XC322025.mp3,Cedar_Waxwing_XC425137.mp3,Northern_Cardinal_XC313512.mp3,Ruby-crowned_Kinglet_XC389094.mp3
American_Goldfinch_XC389252.mp3,American_Robin_XC164729.mp3,Barn_Swallow_XC190736.mp3,Blue_Jay_XC168091.mp3,Blue-grey_Gnatcatcher_XC314950.mp3,Carolina_Chickadee_XC364473.mp3,Carolina_Wren_XC322614.mp3,Cedar_Waxwing_XC428497.mp3,Northern_Cardinal_XC320497.mp3,Ruby-crowned_Kinglet_XC389095.mp3
American_Goldfinch_XC390608.mp3,American_Robin_XC165267.mp3,Barn_Swallow_XC190738.mp3,Blue_Jay_XC168092.mp3,Blue-grey_Gnatcatcher_XC315279.mp3,Carolina_Chickadee_XC364941.mp3,Carolina_Wren_XC322615.mp3,Cedar_Waxwing_XC433093.mp3,Northern_Cardinal_XC321920.mp3,Ruby-crowned_Kinglet_XC389431.mp3
American_Goldfinch_XC394110.mp3,American_Robin_XC165269.mp3,Barn_Swallow_XC190739.mp3,Blue_Jay_XC168093.mp3,Blue-grey_Gnatcatcher_XC315294.mp3,Carolina_Chickadee_XC366391.mp3,Carolina_Wren_XC322617.mp3,Cedar_Waxwing_XC446808.mp3,Northern_Cardinal_XC321925.mp3,Ruby-crowned_Kinglet_XC389971.mp3
American_Goldfinch_XC409002.mp3,American_Robin_XC165272.mp3,Barn_Swallow_XC190743.mp3,Blue_Jay_XC168094.mp3,Blue-grey_Gnatcatcher_XC315295.mp3,Carolina_Chickadee_XC366600.mp3,Carolina_Wren_XC323734.mp3,Cedar_Waxwing_XC448827.mp3,Northern_Cardinal_XC322458.mp3,Ruby-crowned_Kinglet_XC391428.mp3
American_Goldfinch_XC432180.mp3,American_Robin_XC165275.mp3,Barn_Swallow_XC191001.mp3,Blue_Jay_XC168657.mp3,Blue-grey_Gnatcatcher_XC315747.mp3,Carolina_Chickadee_XC373255.mp3,Carolina_Wren_XC325250.mp3,Cedar_Waxwing_XC448828.mp3,Northern_Cardinal_XC325690.mp3,Ruby-crowned_Kinglet_XC409154.mp3
American_Goldfinch_XC437593.mp3,American_Robin_XC165277.mp3,Barn_Swallow_XC191002.mp3,Blue_Jay_XC169144.mp3,Blue-grey_Gnatcatcher_XC316436.mp3,Carolina_Chickadee_XC391431.mp3,Carolina_Wren_XC326953.mp3,Cedar_Waxwing_XC451821.mp3,Northern_Cardinal_XC325692.mp3,Ruby-crowned_Kinglet_XC412985.mp3
American_Goldfinch_XC451733.mp3,American_Robin_XC165278.mp3,Barn_Swallow_XC191004.mp3,Blue_Jay_XC170063.mp3,Blue-grey_Gnatcatcher_XC317245.mp3,Carolina_Chickadee_XC391432.mp3,Carolina_Wren_XC327791.mp3,Cedar_Waxwing_XC452615.mp3,Northern_Cardinal_XC326630.mp3,Ruby-crowned_Kinglet_XC420568.mp3
American_Goldfinch_XC452142.mp3,American_Robin_XC165280.mp3,Barn_Swallow_XC191005.mp3,Blue_Jay_XC170418.mp3,Blue-grey_Gnatcatcher_XC325273.mp3,Carolina_Chickadee_XC391441.mp3,Carolina_Wren_XC327792.mp3,Cedar_Waxwing_XC457006.mp3,Northern_Cardinal_XC326844.mp3,Ruby-crowned_Kinglet_XC420579.mp3
American_Goldfinch_XC454621.mp3,American_Robin_XC165283.mp3,Barn_Swallow_XC191006.mp3,Blue_Jay_XC172440.mp3,Blue-grey_Gnatcatcher_XC326444.mp3,Carolina_Chickadee_XC391442.mp3,Carolina_Wren_XC331001.mp3,Cedar_Waxwing_XC463263.mp3,Northern_Cardinal_XC330230.mp3,Ruby-crowned_Kinglet_XC425111.mp3
American_Goldfinch_XC476269.mp3,American_Robin_XC165284.mp3,Barn_Swallow_XC191008.mp3,Blue_Jay_XC173280.mp3,Blue-grey_Gnatcatcher_XC331767.mp3,Carolina_Chickadee_XC391702.mp3,Carolina_Wren_XC332763.mp3,Cedar_Waxwing_XC466823.mp3,Northern_Cardinal_XC330857.mp3,Ruby-crowned_Kinglet_XC425113.mp3
American_Goldfinch_XC486563.mp3,American_Robin_XC165285.mp3,Barn_Swallow_XC191009.mp3,Blue_Jay_XC173281.mp3,Blue-grey_Gnatcatcher_XC331768.mp3,Carolina_Chickadee_XC408368.mp3,Carolina_Wren_XC332764.mp3,Cedar_Waxwing_XC476655.mp3,Northern_Cardinal_XC330858.mp3,Ruby-crowned_Kinglet_XC442351.mp3
American_Goldfinch_XC490815.mp3,American_Robin_XC165287.mp3,Barn_Swallow_XC191010.mp3,Blue_Jay_XC174959.mp3,Blue-grey_Gnatcatcher_XC331769.mp3,Carolina_Chickadee_XC416791.mp3,Carolina_Wren_XC332786.mp3,Cedar_Waxwing_XC484150.mp3,Northern_Cardinal_XC340724.mp3,Ruby-crowned_Kinglet_XC445578.mp3
American_Goldfinch_XC493543.mp3,American_Robin_XC165288.mp3,Barn_Swallow_XC191024.mp3,Blue_Jay_XC175223.mp3,Blue-grey_Gnatcatcher_XC331771.mp3,Carolina_Chickadee_XC445791.mp3,Carolina_Wren_XC333282.mp3,Cedar_Waxwing_XC508125.mp3,Northern_Cardinal_XC353004.mp3,Ruby-crowned_Kinglet_XC448727.mp3
American_Goldfinch_XC496109.mp3,American_Robin_XC165289.mp3,Barn_Swallow_XC191148.mp3,Blue_Jay_XC176358.mp3,Blue-grey_Gnatcatcher_XC331772.mp3,Carolina_Chickadee_XC446798.mp3,Carolina_Wren_XC335342.mp3,Cedar_Waxwing_XC532748.mp3,Northern_Cardinal_XC359457.mp3,Ruby-crowned_Kinglet_XC451203.mp3
American_Goldfinch_XC502629.mp3,American_Robin_XC165294.mp3,Barn_Swallow_XC191149.mp3,Blue_Jay_XC177575.mp3,Blue-grey_Gnatcatcher_XC331773.mp3,Carolina_Chickadee_XC452616.mp3,Carolina_Wren_XC336484.mp3,Cedar_Waxwing_XC561191.mp3,Northern_Cardinal_XC359458.mp3,Ruby-crowned_Kinglet_XC451349.mp3
American_Goldfinch_XC504150.mp3,American_Robin_XC165295.mp3,Barn_Swallow_XC191150.mp3,Blue_Jay_XC179708.mp3,Blue-grey_Gnatcatcher_XC331774.mp3,Carolina_Chickadee_XC452617.mp3,Carolina_Wren_XC339676.mp3,Cedar_Waxwing_XC582126.mp3,Northern_Cardinal_XC360736.mp3,Ruby-crowned_Kinglet_XC451489.mp3
American_Goldfinch_XC511440.mp3,American_Robin_XC165296.mp3,Barn_Swallow_XC191151.mp3,Blue_Jay_XC182686.mp3,Blue-grey_Gnatcatcher_XC333514.mp3,Carolina_Chickadee_XC452618.mp3,Carolina_Wren_XC340726.mp3,Cedar_Waxwing_XC588041.mp3,Northern_Cardinal_XC361018.mp3,Ruby-crowned_Kinglet_XC452757.mp3
American_Goldfinch_XC537153.mp3,American_Robin_XC165297.mp3,Barn_Swallow_XC191152.mp3,Blue_Jay_XC186308.mp3,Blue-grey_Gnatcatcher_XC348162.mp3,Carolina_Chickadee_XC455117.mp3,Carolina_Wren_XC342512.mp3,Cedar_Waxwing_XC597191.mp3,Northern_Cardinal_XC366332.mp3,Ruby-crowned_Kinglet_XC453219.mp3
American_Goldfinch_XC537161.mp3,American_Robin_XC165298.mp3,Barn_Swallow_XC191154.mp3,Blue_Jay_XC186483.mp3,Blue-grey_Gnatcatcher_XC348164.mp3,Carolina_Chickadee_XC458045.mp3,Carolina_Wren_XC353910.mp3,Cedar_Waxwing_XC598824.mp3,Northern_Cardinal_XC373569.mp3,Ruby-crowned_Kinglet_XC457447.mp3
American_Goldfinch_XC543346.mp3,American_Robin_XC165299.mp3,Barn_Swallow_XC191155.mp3,Blue_Jay_XC188378.mp3,Blue-grey_Gnatcatcher_XC348166.mp3,Carolina_Chickadee_XC481971.mp3,Carolina_Wren_XC353911.mp3,Cedar_Waxwing_XC604912.mp3,Northern_Cardinal_XC381575.mp3,Ruby-crowned_Kinglet_XC466168.mp3
American_Goldfinch_XC543348.mp3,American_Robin_XC165300.mp3,Barn_Swallow_XC191157.mp3,Blue_Jay_XC190440.mp3,Blue-grey_Gnatcatcher_XC348167.mp3,Carolina_Chickadee_XC481972.mp3,Carolina_Wren_XC353922.mp3,Cedar_Waxwing_XC609432.mp3,Northern_Cardinal_XC382335.mp3,Ruby-crowned_Kinglet_XC475136.mp3
American_Goldfinch_XC543349.mp3,American_Robin_XC165302.mp3,Barn_Swallow_XC191158.mp3,Blue_Jay_XC190536.mp3,Blue-grey_Gnatcatcher_XC351739.mp3,Carolina_Chickadee_XC481987.mp3,Carolina_Wren_XC358111.mp3,Cedar_Waxwing_XC616703.mp3,Northern_Cardinal_XC385839.mp3,Ruby-crowned_Kinglet_XC494390.mp3
American_Goldfinch_XC543350.mp3,American_Robin_XC165305.mp3,Barn_Swallow_XC191337.mp3,Blue_Jay_XC190538.mp3,Blue-grey_Gnatcatcher_XC351740.mp3,Carolina_Chickadee_XC530457.mp3,Carolina_Wren_XC358181.mp3,Cedar_Waxwing_XC618048.mp3,Northern_Cardinal_XC386340.mp3,Ruby-crowned_Kinglet_XC494391.mp3
American_Goldfinch_XC543351.mp3,American_Robin_XC165306.mp3,Barn_Swallow_XC191338.mp3,Blue_Jay_XC194072.mp3,Blue-grey_Gnatcatcher_XC351742.mp3,Carolina_Chickadee_XC534330.mp3,Carolina_Wren_XC358182.mp3,Cedar_Waxwing_XC618289.mp3,Northern_Cardinal_XC388589.mp3,Ruby-crowned_Kinglet_XC511297.mp3
American_Goldfinch_XC543352.mp3,American_Robin_XC165308.mp3,Barn_Swallow_XC191639.mp3,Blue_Jay_XC201619.mp3,Blue-grey_Gnatcatcher_XC351744.mp3,Carolina_Chickadee_XC542154.mp3,Carolina_Wren_XC358183.mp3,Cedar_Waxwing_XC618290.mp3,Northern_Cardinal_XC388595.mp3,Ruby-crowned_Kinglet_XC522476.mp3
American_Goldfinch_XC557331.mp3,American_Robin_XC165309.mp3,Barn_Swallow_XC191643.mp3,Blue_Jay_XC205522.mp3,Blue-grey_Gnatcatcher_XC351745.mp3,Carolina_Chickadee_XC566447.mp3,Carolina_Wren_XC358184.mp3,Cedar_Waxwing_XC618291.mp3,Northern_Cardinal_XC388706.mp3,Ruby-crowned_Kinglet_XC531121.mp3
American_Goldfinch_XC566200.mp3,American_Robin_XC165310.mp3,Barn_Swallow_XC191647.mp3,Blue_Jay_XC211978.mp3,Blue-grey_Gnatcatcher_XC351746.mp3,Carolina_Chickadee_XC571268.mp3,Carolina_Wren_XC358185.mp3,Cedar_Waxwing_XC618292.mp3,Northern_Cardinal_XC391454.mp3,Ruby-crowned_Kinglet_XC531122.mp3
