fname,label
American_Goldfinch_XC114342.wav,American_Goldfinch
American_Goldfinch_XC124312.wav,American_Goldfinch
American_Goldfinch_XC133564.wav,American_Goldfinch
American_Goldfinch_XC133565.wav,American_Goldfinch
American_Goldfinch_XC141469.wav,American_Goldfinch
American_Goldfinch_XC153552.wav,American_Goldfinch
American_Goldfinch_XC157457.wav,American_Goldfinch
American_Goldfinch_XC158924.wav,American_Goldfinch
American_Goldfinch_XC158985.wav,American_Goldfinch
American_Goldfinch_XC159013.wav,American_Goldfinch
American_Goldfinch_XC159037.wav,American_Goldfinch
American_Goldfinch_XC159207.wav,American_Goldfinch
American_Goldfinch_XC159209.wav,American_Goldfinch
American_Goldfinch_XC159240.wav,American_Goldfinch
American_Goldfinch_XC159284.wav,American_Goldfinch
American_Goldfinch_XC159286.wav,American_Goldfinch
American_Goldfinch_XC159567.wav,American_Goldfinch
American_Goldfinch_XC159568.wav,American_Goldfinch
American_Goldfinch_XC159604.wav,American_Goldfinch
American_Goldfinch_XC160625.wav,American_Goldfinch
American_Goldfinch_XC160660.wav,American_Goldfinch
American_Goldfinch_XC160665.wav,American_Goldfinch
American_Goldfinch_XC160788.wav,American_Goldfinch
American_Goldfinch_XC160789.wav,American_Goldfinch
American_Goldfinch_XC160802.wav,American_Goldfinch
American_Goldfinch_XC163044.wav,American_Goldfinch
American_Goldfinch_XC165034.wav,American_Goldfinch
American_Goldfinch_XC169080.wav,American_Goldfinch
American_Goldfinch_XC169081.wav,American_Goldfinch
American_Goldfinch_XC169083.wav,American_Goldfinch
American_Goldfinch_XC169084.wav,American_Goldfinch
American_Goldfinch_XC175254.wav,American_Goldfinch
American_Goldfinch_XC179074.wav,American_Goldfinch
American_Goldfinch_XC179092.wav,American_Goldfinch
American_Goldfinch_XC179124.wav,American_Goldfinch
American_Goldfinch_XC182078.wav,American_Goldfinch
American_Goldfinch_XC182406.wav,American_Goldfinch
American_Goldfinch_XC192099.wav,American_Goldfinch
American_Goldfinch_XC205514.wav,American_Goldfinch
American_Goldfinch_XC210732.wav,American_Goldfinch
American_Goldfinch_XC210744.wav,American_Goldfinch
American_Goldfinch_XC210746.wav,American_Goldfinch
American_Goldfinch_XC210754.wav,American_Goldfinch
American_Goldfinch_XC210757.wav,American_Goldfinch
American_Goldfinch_XC217005.wav,American_Goldfinch
American_Goldfinch_XC253704.wav,American_Goldfinch
American_Goldfinch_XC254689.wav,American_Goldfinch
American_Goldfinch_XC268737.wav,American_Goldfinch
American_Goldfinch_XC268738.wav,American_Goldfinch
American_Goldfinch_XC276993.wav,American_Goldfinch
American_Goldfinch_XC288983.wav,American_Goldfinch
American_Goldfinch_XC288984.wav,American_Goldfinch
American_Goldfinch_XC294256.wav,American_Goldfinch
American_Goldfinch_XC294424.wav,American_Goldfinch
American_Goldfinch_XC297642.wav,American_Goldfinch
American_Goldfinch_XC298362.wav,American_Goldfinch
American_Goldfinch_XC313060.wav,American_Goldfinch
American_Goldfinch_XC313679.wav,American_Goldfinch
American_Goldfinch_XC315515.wav,American_Goldfinch
American_Goldfinch_XC318488.wav,American_Goldfinch
American_Goldfinch_XC323308.wav,American_Goldfinch
American_Goldfinch_XC325659.wav,American_Goldfinch
American_Goldfinch_XC334891.wav,American_Goldfinch
American_Goldfinch_XC344965.wav,American_Goldfinch
American_Goldfinch_XC363216.wav,American_Goldfinch
American_Goldfinch_XC367697.wav,American_Goldfinch
American_Goldfinch_XC368590.wav,American_Goldfinch
American_Goldfinch_XC372211.wav,American_Goldfinch
American_Goldfinch_XC376792.wav,American_Goldfinch
American_Goldfinch_XC383071.wav,American_Goldfinch
American_Goldfinch_XC383905.wav,American_Goldfinch
American_Goldfinch_XC385206.wav,American_Goldfinch
American_Goldfinch_XC388255.wav,American_Goldfinch
American_Goldfinch_XC389252.wav,American_Goldfinch
American_Goldfinch_XC390608.wav,American_Goldfinch
American_Goldfinch_XC394110.wav,American_Goldfinch
American_Goldfinch_XC409002.wav,American_Goldfinch
American_Goldfinch_XC432180.wav,American_Goldfinch
American_Goldfinch_XC437593.wav,American_Goldfinch
American_Goldfinch_XC451733.wav,American_Goldfinch
American_Goldfinch_XC452142.wav,American_Goldfinch
American_Goldfinch_XC454621.wav,American_Goldfinch
American_Goldfinch_XC476269.wav,American_Goldfinch
American_Goldfinch_XC486563.wav,American_Goldfinch
American_Goldfinch_XC490815.wav,American_Goldfinch
American_Goldfinch_XC493543.wav,American_Goldfinch
American_Goldfinch_XC496109.wav,American_Goldfinch
American_Goldfinch_XC502629.wav,American_Goldfinch
American_Goldfinch_XC504150.wav,American_Goldfinch
American_Goldfinch_XC511440.wav,American_Goldfinch
American_Goldfinch_XC537153.wav,American_Goldfinch
American_Goldfinch_XC537161.wav,American_Goldfinch
American_Goldfinch_XC543346.wav,American_Goldfinch
American_Goldfinch_XC543348.wav,American_Goldfinch
American_Goldfinch_XC543349.wav,American_Goldfinch
American_Goldfinch_XC543350.wav,American_Goldfinch
American_Goldfinch_XC543351.wav,American_Goldfinch
American_Goldfinch_XC543352.wav,American_Goldfinch
American_Goldfinch_XC557331.wav,American_Goldfinch
American_Goldfinch_XC566200.wav,American_Goldfinch
American_Robin_XC112597.wav,American_Robin
American_Robin_XC114082.wav,American_Robin
American_Robin_XC114083.wav,American_Robin
American_Robin_XC122037.wav,American_Robin
American_Robin_XC130246.wav,American_Robin
American_Robin_XC131093.wav,American_Robin
American_Robin_XC132864.wav,American_Robin
American_Robin_XC134500.wav,American_Robin
American_Robin_XC135092.wav,American_Robin
American_Robin_XC138063.wav,American_Robin
American_Robin_XC138237.wav,American_Robin
American_Robin_XC138709.wav,American_Robin
American_Robin_XC138712.wav,American_Robin
American_Robin_XC139054.wav,American_Robin
American_Robin_XC139225.wav,American_Robin
American_Robin_XC141221.wav,American_Robin
American_Robin_XC146297.wav,American_Robin
American_Robin_XC153633.wav,American_Robin
American_Robin_XC153866.wav,American_Robin
American_Robin_XC157683.wav,American_Robin
American_Robin_XC157883.wav,American_Robin
American_Robin_XC158033.wav,American_Robin
American_Robin_XC158035.wav,American_Robin
American_Robin_XC158036.wav,American_Robin
American_Robin_XC158919.wav,American_Robin
American_Robin_XC158927.wav,American_Robin
American_Robin_XC158960.wav,American_Robin
American_Robin_XC158980.wav,American_Robin
American_Robin_XC158993.wav,American_Robin
American_Robin_XC159097.wav,American_Robin
American_Robin_XC159109.wav,American_Robin
American_Robin_XC159372.wav,American_Robin
American_Robin_XC159669.wav,American_Robin
American_Robin_XC159676.wav,American_Robin
American_Robin_XC159739.wav,American_Robin
American_Robin_XC159750.wav,American_Robin
American_Robin_XC159905.wav,American_Robin
American_Robin_XC160003.wav,American_Robin
American_Robin_XC160026.wav,American_Robin
American_Robin_XC160094.wav,American_Robin
American_Robin_XC160308.wav,American_Robin
American_Robin_XC160315.wav,American_Robin
American_Robin_XC160326.wav,American_Robin
American_Robin_XC160344.wav,American_Robin
American_Robin_XC160349.wav,American_Robin
American_Robin_XC160350.wav,American_Robin
American_Robin_XC160358.wav,American_Robin
American_Robin_XC160363.wav,American_Robin
American_Robin_XC160365.wav,American_Robin
American_Robin_XC160366.wav,American_Robin
American_Robin_XC160468.wav,American_Robin
American_Robin_XC160477.wav,American_Robin
American_Robin_XC160563.wav,American_Robin
American_Robin_XC160576.wav,American_Robin
American_Robin_XC160680.wav,American_Robin
American_Robin_XC160739.wav,American_Robin
American_Robin_XC160745.wav,American_Robin
American_Robin_XC160752.wav,American_Robin
American_Robin_XC160783.wav,American_Robin
American_Robin_XC160786.wav,American_Robin
American_Robin_XC160798.wav,American_Robin
American_Robin_XC160821.wav,American_Robin
American_Robin_XC161561.wav,American_Robin
American_Robin_XC163129.wav,American_Robin
American_Robin_XC163130.wav,American_Robin
American_Robin_XC163131.wav,American_Robin
American_Robin_XC163132.wav,American_Robin
American_Robin_XC163135.wav,American_Robin
American_Robin_XC163137.wav,American_Robin
American_Robin_XC163143.wav,American_Robin
American_Robin_XC163685.wav,American_Robin
American_Robin_XC163785.wav,American_Robin
American_Robin_XC164121.wav,American_Robin
American_Robin_XC164729.wav,American_Robin
American_Robin_XC165267.wav,American_Robin
American_Robin_XC165269.wav,American_Robin
American_Robin_XC165272.wav,American_Robin
American_Robin_XC165275.wav,American_Robin
American_Robin_XC165277.wav,American_Robin
American_Robin_XC165278.wav,American_Robin
American_Robin_XC165280.wav,American_Robin
American_Robin_XC165283.wav,American_Robin
American_Robin_XC165284.wav,American_Robin
American_Robin_XC165285.wav,American_Robin
American_Robin_XC165287.wav,American_Robin
American_Robin_XC165288.wav,American_Robin
American_Robin_XC165289.wav,American_Robin
American_Robin_XC165294.wav,American_Robin
American_Robin_XC165295.wav,American_Robin
American_Robin_XC165296.wav,American_Robin
American_Robin_XC165297.wav,American_Robin
American_Robin_XC165298.wav,American_Robin
American_Robin_XC165299.wav,American_Robin
American_Robin_XC165300.wav,American_Robin
American_Robin_XC165302.wav,American_Robin
American_Robin_XC165305.wav,American_Robin
American_Robin_XC165306.wav,American_Robin
American_Robin_XC165308.wav,American_Robin
American_Robin_XC165309.wav,American_Robin
American_Robin_XC165310.wav,American_Robin
Barn_Swallow_XC113501.wav,Barn_Swallow
Barn_Swallow_XC123032.wav,Barn_Swallow
Barn_Swallow_XC123035.wav,Barn_Swallow
Barn_Swallow_XC123036.wav,Barn_Swallow
Barn_Swallow_XC123066.wav,Barn_Swallow
Barn_Swallow_XC123067.wav,Barn_Swallow
Barn_Swallow_XC123068.wav,Barn_Swallow
Barn_Swallow_XC123069.wav,Barn_Swallow
Barn_Swallow_XC123070.wav,Barn_Swallow
Barn_Swallow_XC126103.wav,Barn_Swallow
Barn_Swallow_XC135474.wav,Barn_Swallow
Barn_Swallow_XC138014.wav,Barn_Swallow
Barn_Swallow_XC139171.wav,Barn_Swallow
Barn_Swallow_XC141346.wav,Barn_Swallow
Barn_Swallow_XC142466.wav,Barn_Swallow
Barn_Swallow_XC142633.wav,Barn_Swallow
Barn_Swallow_XC142794.wav,Barn_Swallow
Barn_Swallow_XC143303.wav,Barn_Swallow
Barn_Swallow_XC144982.wav,Barn_Swallow
Barn_Swallow_XC146746.wav,Barn_Swallow
Barn_Swallow_XC147199.wav,Barn_Swallow
Barn_Swallow_XC147276.wav,Barn_Swallow
Barn_Swallow_XC147393.wav,Barn_Swallow
Barn_Swallow_XC157370.wav,Barn_Swallow
Barn_Swallow_XC157375.wav,Barn_Swallow
Barn_Swallow_XC159064.wav,Barn_Swallow
Barn_Swallow_XC159134.wav,Barn_Swallow
Barn_Swallow_XC159256.wav,Barn_Swallow
Barn_Swallow_XC163458.wav,Barn_Swallow
Barn_Swallow_XC164428.wav,Barn_Swallow
Barn_Swallow_XC164429.wav,Barn_Swallow
Barn_Swallow_XC164430.wav,Barn_Swallow
Barn_Swallow_XC166240.wav,Barn_Swallow
Barn_Swallow_XC166241.wav,Barn_Swallow
Barn_Swallow_XC166242.wav,Barn_Swallow
Barn_Swallow_XC174592.wav,Barn_Swallow
Barn_Swallow_XC176624.wav,Barn_Swallow
Barn_Swallow_XC176625.wav,Barn_Swallow
Barn_Swallow_XC178328.wav,Barn_Swallow
Barn_Swallow_XC179356.wav,Barn_Swallow
Barn_Swallow_XC183402.wav,Barn_Swallow
Barn_Swallow_XC183791.wav,Barn_Swallow
Barn_Swallow_XC183794.wav,Barn_Swallow
Barn_Swallow_XC184414.wav,Barn_Swallow
Barn_Swallow_XC184536.wav,Barn_Swallow
Barn_Swallow_XC184537.wav,Barn_Swallow
Barn_Swallow_XC184538.wav,Barn_Swallow
Barn_Swallow_XC184539.wav,Barn_Swallow
Barn_Swallow_XC184541.wav,Barn_Swallow
Barn_Swallow_XC184850.wav,Barn_Swallow
Barn_Swallow_XC185322.wav,Barn_Swallow
Barn_Swallow_XC188601.wav,Barn_Swallow
Barn_Swallow_XC189845.wav,Barn_Swallow
Barn_Swallow_XC190143.wav,Barn_Swallow
Barn_Swallow_XC190319.wav,Barn_Swallow
Barn_Swallow_XC190322.wav,Barn_Swallow
Barn_Swallow_XC190324.wav,Barn_Swallow
Barn_Swallow_XC190326.wav,Barn_Swallow
Barn_Swallow_XC190327.wav,Barn_Swallow
Barn_Swallow_XC190329.wav,Barn_Swallow
Barn_Swallow_XC190332.wav,Barn_Swallow
Barn_Swallow_XC190333.wav,Barn_Swallow
Barn_Swallow_XC190564.wav,Barn_Swallow
Barn_Swallow_XC190566.wav,Barn_Swallow
Barn_Swallow_XC190646.wav,Barn_Swallow
Barn_Swallow_XC190647.wav,Barn_Swallow
Barn_Swallow_XC190648.wav,Barn_Swallow
Barn_Swallow_XC190649.wav,Barn_Swallow
Barn_Swallow_XC190650.wav,Barn_Swallow
Barn_Swallow_XC190651.wav,Barn_Swallow
Barn_Swallow_XC190652.wav,Barn_Swallow
Barn_Swallow_XC190653.wav,Barn_Swallow
Barn_Swallow_XC190654.wav,Barn_Swallow
Barn_Swallow_XC190736.wav,Barn_Swallow
Barn_Swallow_XC190738.wav,Barn_Swallow
Barn_Swallow_XC190739.wav,Barn_Swallow
Barn_Swallow_XC190743.wav,Barn_Swallow
Barn_Swallow_XC191001.wav,Barn_Swallow
Barn_Swallow_XC191002.wav,Barn_Swallow
Barn_Swallow_XC191004.wav,Barn_Swallow
Barn_Swallow_XC191005.wav,Barn_Swallow
Barn_Swallow_XC191006.wav,Barn_Swallow
Barn_Swallow_XC191008.wav,Barn_Swallow
Barn_Swallow_XC191009.wav,Barn_Swallow
Barn_Swallow_XC191010.wav,Barn_Swallow
Barn_Swallow_XC191024.wav,Barn_Swallow
Barn_Swallow_XC191148.wav,Barn_Swallow
Barn_Swallow_XC191149.wav,Barn_Swallow
Barn_Swallow_XC191150.wav,Barn_Swallow
Barn_Swallow_XC191151.wav,Barn_Swallow
Barn_Swallow_XC191152.wav,Barn_Swallow
Barn_Swallow_XC191154.wav,Barn_Swallow
Barn_Swallow_XC191155.wav,Barn_Swallow
Barn_Swallow_XC191157.wav,Barn_Swallow
Barn_Swallow_XC191158.wav,Barn_Swallow
Barn_Swallow_XC191337.wav,Barn_Swallow
Barn_Swallow_XC191338.wav,Barn_Swallow
Barn_Swallow_XC191639.wav,Barn_Swallow
Barn_Swallow_XC191643.wav,Barn_Swallow
Barn_Swallow_XC191647.wav,Barn_Swallow
Blue-grey_Gnatcatcher_XC130506.wav,Blue-grey_Gnatcatcher
Blue-grey_Gnatcatcher_XC130507.wav,Blue-grey_Gnatcatcher
Blue-grey_Gnatcatcher_XC130508.wav,Blue-grey_Gnatcatcher
Blue-grey_Gnatcatcher_XC130511.wav,Blue-grey_Gnatcatcher
Blue-grey_Gnatcatcher_XC130512.wav,Blue-grey_Gnatcatcher
Blue-grey_Gnatcatcher_XC134276.wav,Blue-grey_Gnatcatcher
Blue-grey_Gnatcatcher_XC134277.wav,Blue-grey_Gnatcatcher
Blue-grey_Gnatcatcher_XC134759.wav,Blue-grey_Gnatcatcher
Blue-grey_Gnatcatcher_XC135063.wav,Blue-grey_Gnatcatcher
Blue-grey_Gnatcatcher_XC136278.wav,Blue-grey_Gnatcatcher
Blue-grey_Gnatcatcher_XC136294.wav,Blue-grey_Gnatcatcher
Blue-grey_Gnatcatcher_XC136298.wav,Blue-grey_Gnatcatcher
Blue-grey_Gnatcatcher_XC137714.wav,Blue-grey_Gnatcatcher
Blue-grey_Gnatcatcher_XC137818.wav,Blue-grey_Gnatcatcher
Blue-grey_Gnatcatcher_XC140037.wav,Blue-grey_Gnatcatcher
Blue-grey_Gnatcatcher_XC140259.wav,Blue-grey_Gnatcatcher
Blue-grey_Gnatcatcher_XC141458.wav,Blue-grey_Gnatcatcher
Blue-grey_Gnatcatcher_XC147059.wav,Blue-grey_Gnatcatcher
Blue-grey_Gnatcatcher_XC151249.wav,Blue-grey_Gnatcatcher
Blue-grey_Gnatcatcher_XC158415.wav,Blue-grey_Gnatcatcher
Blue-grey_Gnatcatcher_XC169145.wav,Blue-grey_Gnatcatcher
Blue-grey_Gnatcatcher_XC169146.wav,Blue-grey_Gnatcatcher
Blue-grey_Gnatcatcher_XC169151.wav,Blue-grey_Gnatcatcher
Blue-grey_Gnatcatcher_XC173282.wav,Blue-grey_Gnatcatcher
Blue-grey_Gnatcatcher_XC173283.wav,Blue-grey_Gnatcatcher
Blue-grey_Gnatcatcher_XC173284.wav,Blue-grey_Gnatcatcher
Blue-grey_Gnatcatcher_XC179812.wav,Blue-grey_Gnatcatcher
Blue-grey_Gnatcatcher_XC181109.wav,Blue-grey_Gnatcatcher
Blue-grey_Gnatcatcher_XC181408.wav,Blue-grey_Gnatcatcher
Blue-grey_Gnatcatcher_XC181412.wav,Blue-grey_Gnatcatcher
Blue-grey_Gnatcatcher_XC192059.wav,Blue-grey_Gnatcatcher
Blue-grey_Gnatcatcher_XC196885.wav,Blue-grey_Gnatcatcher
Blue-grey_Gnatcatcher_XC196893.wav,Blue-grey_Gnatcatcher
Blue-grey_Gnatcatcher_XC205394.wav,Blue-grey_Gnatcatcher
Blue-grey_Gnatcatcher_XC205395.wav,Blue-grey_Gnatcatcher
Blue-grey_Gnatcatcher_XC205420.wav,Blue-grey_Gnatcatcher
Blue-grey_Gnatcatcher_XC205431.wav,Blue-grey_Gnatcatcher
Blue-grey_Gnatcatcher_XC205523.wav,Blue-grey_Gnatcatcher
Blue-grey_Gnatcatcher_XC205774.wav,Blue-grey_Gnatcatcher
Blue-grey_Gnatcatcher_XC205869.wav,Blue-grey_Gnatcatcher
Blue-grey_Gnatcatcher_XC228487.wav,Blue-grey_Gnatcatcher
Blue-grey_Gnatcatcher_XC228488.wav,Blue-grey_Gnatcatcher
Blue-grey_Gnatcatcher_XC228489.wav,Blue-grey_Gnatcatcher
Blue-grey_Gnatcatcher_XC228490.wav,Blue-grey_Gnatcatcher
Blue-grey_Gnatcatcher_XC228492.wav,Blue-grey_Gnatcatcher
Blue-grey_Gnatcatcher_XC228494.wav,Blue-grey_Gnatcatcher
Blue-grey_Gnatcatcher_XC228495.wav,Blue-grey_Gnatcatcher
Blue-grey_Gnatcatcher_XC228497.wav,Blue-grey_Gnatcatcher
Blue-grey_Gnatcatcher_XC235197.wav,Blue-grey_Gnatcatcher
Blue-grey_Gnatcatcher_XC247308.wav,Blue-grey_Gnatcatcher
Blue-grey_Gnatcatcher_XC253921.wav,Blue-grey_Gnatcatcher
Blue-grey_Gnatcatcher_XC255294.wav,Blue-grey_Gnatcatcher
Blue-grey_Gnatcatcher_XC255295.wav,Blue-grey_Gnatcatcher
Blue-grey_Gnatcatcher_XC255631.wav,Blue-grey_Gnatcatcher
Blue-grey_Gnatcatcher_XC262815.wav,Blue-grey_Gnatcatcher
Blue-grey_Gnatcatcher_XC263483.wav,Blue-grey_Gnatcatcher
Blue-grey_Gnatcatcher_XC263484.wav,Blue-grey_Gnatcatcher
Blue-grey_Gnatcatcher_XC263485.wav,Blue-grey_Gnatcatcher
Blue-grey_Gnatcatcher_XC267310.wav,Blue-grey_Gnatcatcher
Blue-grey_Gnatcatcher_XC269495.wav,Blue-grey_Gnatcatcher
Blue-grey_Gnatcatcher_XC269496.wav,Blue-grey_Gnatcatcher
Blue-grey_Gnatcatcher_XC274876.wav,Blue-grey_Gnatcatcher
Blue-grey_Gnatcatcher_XC291617.wav,Blue-grey_Gnatcatcher
Blue-grey_Gnatcatcher_XC291618.wav,Blue-grey_Gnatcatcher
Blue-grey_Gnatcatcher_XC297504.wav,Blue-grey_Gnatcatcher
Blue-grey_Gnatcatcher_XC301531.wav,Blue-grey_Gnatcatcher
Blue-grey_Gnatcatcher_XC302322.wav,Blue-grey_Gnatcatcher
Blue-grey_Gnatcatcher_XC302534.wav,Blue-grey_Gnatcatcher
Blue-grey_Gnatcatcher_XC313272.wav,Blue-grey_Gnatcatcher
Blue-grey_Gnatcatcher_XC313464.wav,Blue-grey_Gnatcatcher
Blue-grey_Gnatcatcher_XC313507.wav,Blue-grey_Gnatcatcher
Blue-grey_Gnatcatcher_XC313741.wav,Blue-grey_Gnatcatcher
Blue-grey_Gnatcatcher_XC314875.wav,Blue-grey_Gnatcatcher
Blue-grey_Gnatcatcher_XC314950.wav,Blue-grey_Gnatcatcher
Blue-grey_Gnatcatcher_XC315279.wav,Blue-grey_Gnatcatcher
Blue-grey_Gnatcatcher_XC315294.wav,Blue-grey_Gnatcatcher
Blue-grey_Gnatcatcher_XC315295.wav,Blue-grey_Gnatcatcher
Blue-grey_Gnatcatcher_XC315747.wav,Blue-grey_Gnatcatcher
Blue-grey_Gnatcatcher_XC316436.wav,Blue-grey_Gnatcatcher
Blue-grey_Gnatcatcher_XC317245.wav,Blue-grey_Gnatcatcher
Blue-grey_Gnatcatcher_XC325273.wav,Blue-grey_Gnatcatcher
Blue-grey_Gnatcatcher_XC326444.wav,Blue-grey_Gnatcatcher
Blue-grey_Gnatcatcher_XC331767.wav,Blue-grey_Gnatcatcher
Blue-grey_Gnatcatcher_XC331768.wav,Blue-grey_Gnatcatcher
Blue-grey_Gnatcatcher_XC331769.wav,Blue-grey_Gnatcatcher
Blue-grey_Gnatcatcher_XC331771.wav,Blue-grey_Gnatcatcher
Blue-grey_Gnatcatcher_XC331772.wav,Blue-grey_Gnatcatcher
Blue-grey_Gnatcatcher_XC331773.wav,Blue-grey_Gnatcatcher
Blue-grey_Gnatcatcher_XC331774.wav,Blue-grey_Gnatcatcher
Blue-grey_Gnatcatcher_XC333514.wav,Blue-grey_Gnatcatcher
Blue-grey_Gnatcatcher_XC348162.wav,Blue-grey_Gnatcatcher
Blue-grey_Gnatcatcher_XC348164.wav,Blue-grey_Gnatcatcher
Blue-grey_Gnatcatcher_XC348166.wav,Blue-grey_Gnatcatcher
Blue-grey_Gnatcatcher_XC348167.wav,Blue-grey_Gnatcatcher
Blue-grey_Gnatcatcher_XC351739.wav,Blue-grey_Gnatcatcher
Blue-grey_Gnatcatcher_XC351740.wav,Blue-grey_Gnatcatcher
Blue-grey_Gnatcatcher_XC351742.wav,Blue-grey_Gnatcatcher
Blue-grey_Gnatcatcher_XC351744.wav,Blue-grey_Gnatcatcher
Blue-grey_Gnatcatcher_XC351745.wav,Blue-grey_Gnatcatcher
Blue-grey_Gnatcatcher_XC351746.wav,Blue-grey_Gnatcatcher
Blue_Jay_XC110056.wav,Blue_Jay
Blue_Jay_XC114085.wav,Blue_Jay
Blue_Jay_XC116372.wav,Blue_Jay
Blue_Jay_XC116373.wav,Blue_Jay
Blue_Jay_XC116374.wav,Blue_Jay
Blue_Jay_XC122442.wav,Blue_Jay
Blue_Jay_XC122443.wav,Blue_Jay
Blue_Jay_XC130505.wav,Blue_Jay
Blue_Jay_XC133567.wav,Blue_Jay
Blue_Jay_XC134994.wav,Blue_Jay
Blue_Jay_XC138491.wav,Blue_Jay
Blue_Jay_XC139505.wav,Blue_Jay
Blue_Jay_XC139930.wav,Blue_Jay
Blue_Jay_XC140465.wav,Blue_Jay
Blue_Jay_XC140831.wav,Blue_Jay
Blue_Jay_XC141032.wav,Blue_Jay
Blue_Jay_XC141539.wav,Blue_Jay
Blue_Jay_XC142185.wav,Blue_Jay
Blue_Jay_XC142244.wav,Blue_Jay
Blue_Jay_XC144383.wav,Blue_Jay
Blue_Jay_XC144899.wav,Blue_Jay
Blue_Jay_XC148726.wav,Blue_Jay
Blue_Jay_XC149302.wav,Blue_Jay
Blue_Jay_XC149303.wav,Blue_Jay
Blue_Jay_XC149305.wav,Blue_Jay
Blue_Jay_XC149308.wav,Blue_Jay
Blue_Jay_XC149309.wav,Blue_Jay
Blue_Jay_XC149311.wav,Blue_Jay
Blue_Jay_XC149313.wav,Blue_Jay
Blue_Jay_XC149315.wav,Blue_Jay
Blue_Jay_XC149316.wav,Blue_Jay
Blue_Jay_XC149318.wav,Blue_Jay
Blue_Jay_XC149331.wav,Blue_Jay
Blue_Jay_XC149336.wav,Blue_Jay
Blue_Jay_XC149337.wav,Blue_Jay
Blue_Jay_XC149338.wav,Blue_Jay
Blue_Jay_XC155439.wav,Blue_Jay
Blue_Jay_XC160564.wav,Blue_Jay
Blue_Jay_XC163419.wav,Blue_Jay
Blue_Jay_XC163420.wav,Blue_Jay
Blue_Jay_XC163421.wav,Blue_Jay
Blue_Jay_XC163422.wav,Blue_Jay
Blue_Jay_XC163423.wav,Blue_Jay
Blue_Jay_XC164547.wav,Blue_Jay
Blue_Jay_XC164548.wav,Blue_Jay
Blue_Jay_XC164549.wav,Blue_Jay
Blue_Jay_XC164730.wav,Blue_Jay
Blue_Jay_XC165317.wav,Blue_Jay
Blue_Jay_XC165318.wav,Blue_Jay
Blue_Jay_XC165319.wav,Blue_Jay
Blue_Jay_XC165320.wav,Blue_Jay
Blue_Jay_XC165321.wav,Blue_Jay
Blue_Jay_XC165322.wav,Blue_Jay
Blue_Jay_XC165323.wav,Blue_Jay
Blue_Jay_XC165324.wav,Blue_Jay
Blue_Jay_XC165396.wav,Blue_Jay
Blue_Jay_XC167820.wav,Blue_Jay
Blue_Jay_XC167954.wav,Blue_Jay
Blue_Jay_XC168072.wav,Blue_Jay
Blue_Jay_XC168073.wav,Blue_Jay
Blue_Jay_XC168074.wav,Blue_Jay
Blue_Jay_XC168075.wav,Blue_Jay
Blue_Jay_XC168076.wav,Blue_Jay
Blue_Jay_XC168077.wav,Blue_Jay
Blue_Jay_XC168078.wav,Blue_Jay
Blue_Jay_XC168079.wav,Blue_Jay
Blue_Jay_XC168080.wav,Blue_Jay
Blue_Jay_XC168081.wav,Blue_Jay
Blue_Jay_XC168082.wav,Blue_Jay
Blue_Jay_XC168084.wav,Blue_Jay
Blue_Jay_XC168085.wav,Blue_Jay
Blue_Jay_XC168086.wav,Blue_Jay
Blue_Jay_XC168090.wav,Blue_Jay
Blue_Jay_XC168091.wav,Blue_Jay
Blue_Jay_XC168092.wav,Blue_Jay
Blue_Jay_XC168093.wav,Blue_Jay
Blue_Jay_XC168094.wav,Blue_Jay
Blue_Jay_XC168657.wav,Blue_Jay
Blue_Jay_XC169144.wav,Blue_Jay
Blue_Jay_XC170063.wav,Blue_Jay
Blue_Jay_XC170418.wav,Blue_Jay
Blue_Jay_XC172440.wav,Blue_Jay
Blue_Jay_XC173280.wav,Blue_Jay
Blue_Jay_XC173281.wav,Blue_Jay
Blue_Jay_XC174959.wav,Blue_Jay
Blue_Jay_XC175223.wav,Blue_Jay
Blue_Jay_XC176358.wav,Blue_Jay
Blue_Jay_XC177575.wav,Blue_Jay
Blue_Jay_XC179708.wav,Blue_Jay
Blue_Jay_XC182686.wav,Blue_Jay
Blue_Jay_XC186308.wav,Blue_Jay
Blue_Jay_XC186483.wav,Blue_Jay
Blue_Jay_XC188378.wav,Blue_Jay
Blue_Jay_XC190440.wav,Blue_Jay
Blue_Jay_XC190536.wav,Blue_Jay
Blue_Jay_XC190538.wav,Blue_Jay
Blue_Jay_XC194072.wav,Blue_Jay
Blue_Jay_XC201619.wav,Blue_Jay
Blue_Jay_XC205522.wav,Blue_Jay
Blue_Jay_XC211978.wav,Blue_Jay
Carolina_Chickadee_XC111140.wav,Carolina_Chickadee
Carolina_Chickadee_XC112508.wav,Carolina_Chickadee
Carolina_Chickadee_XC112509.wav,Carolina_Chickadee
Carolina_Chickadee_XC112510.wav,Carolina_Chickadee
Carolina_Chickadee_XC112633.wav,Carolina_Chickadee
Carolina_Chickadee_XC113373.wav,Carolina_Chickadee
Carolina_Chickadee_XC121929.wav,Carolina_Chickadee
Carolina_Chickadee_XC121930.wav,Carolina_Chickadee
Carolina_Chickadee_XC121932.wav,Carolina_Chickadee
Carolina_Chickadee_XC121933.wav,Carolina_Chickadee
Carolina_Chickadee_XC121934.wav,Carolina_Chickadee
Carolina_Chickadee_XC121935.wav,Carolina_Chickadee
Carolina_Chickadee_XC123408.wav,Carolina_Chickadee
Carolina_Chickadee_XC124069.wav,Carolina_Chickadee
Carolina_Chickadee_XC130533.wav,Carolina_Chickadee
Carolina_Chickadee_XC135106.wav,Carolina_Chickadee
Carolina_Chickadee_XC135127.wav,Carolina_Chickadee
Carolina_Chickadee_XC139090.wav,Carolina_Chickadee
Carolina_Chickadee_XC141904.wav,Carolina_Chickadee
Carolina_Chickadee_XC154971.wav,Carolina_Chickadee
Carolina_Chickadee_XC167822.wav,Carolina_Chickadee
Carolina_Chickadee_XC167823.wav,Carolina_Chickadee
Carolina_Chickadee_XC167824.wav,Carolina_Chickadee
Carolina_Chickadee_XC173446.wav,Carolina_Chickadee
Carolina_Chickadee_XC173448.wav,Carolina_Chickadee
Carolina_Chickadee_XC173449.wav,Carolina_Chickadee
Carolina_Chickadee_XC173451.wav,Carolina_Chickadee
Carolina_Chickadee_XC173453.wav,Carolina_Chickadee
Carolina_Chickadee_XC173455.wav,Carolina_Chickadee
Carolina_Chickadee_XC173457.wav,Carolina_Chickadee
Carolina_Chickadee_XC173458.wav,Carolina_Chickadee
Carolina_Chickadee_XC173460.wav,Carolina_Chickadee
Carolina_Chickadee_XC173462.wav,Carolina_Chickadee
Carolina_Chickadee_XC179084.wav,Carolina_Chickadee
Carolina_Chickadee_XC209081.wav,Carolina_Chickadee
Carolina_Chickadee_XC211135.wav,Carolina_Chickadee
Carolina_Chickadee_XC227272.wav,Carolina_Chickadee
Carolina_Chickadee_XC227273.wav,Carolina_Chickadee
Carolina_Chickadee_XC234311.wav,Carolina_Chickadee
Carolina_Chickadee_XC267298.wav,Carolina_Chickadee
Carolina_Chickadee_XC269614.wav,Carolina_Chickadee
Carolina_Chickadee_XC293294.wav,Carolina_Chickadee
Carolina_Chickadee_XC296929.wav,Carolina_Chickadee
Carolina_Chickadee_XC296930.wav,Carolina_Chickadee
Carolina_Chickadee_XC309487.wav,Carolina_Chickadee
Carolina_Chickadee_XC319603.wav,Carolina_Chickadee
Carolina_Chickadee_XC326922.wav,Carolina_Chickadee
Carolina_Chickadee_XC339932.wav,Carolina_Chickadee
Carolina_Chickadee_XC341247.wav,Carolina_Chickadee
Carolina_Chickadee_XC356724.wav,Carolina_Chickadee
Carolina_Chickadee_XC357978.wav,Carolina_Chickadee
Carolina_Chickadee_XC357980.wav,Carolina_Chickadee
Carolina_Chickadee_XC357982.wav,Carolina_Chickadee
Carolina_Chickadee_XC357985.wav,Carolina_Chickadee
Carolina_Chickadee_XC357986.wav,Carolina_Chickadee
Carolina_Chickadee_XC358096.wav,Carolina_Chickadee
Carolina_Chickadee_XC358097.wav,Carolina_Chickadee
Carolina_Chickadee_XC358098.wav,Carolina_Chickadee
Carolina_Chickadee_XC358099.wav,Carolina_Chickadee
Carolina_Chickadee_XC358100.wav,Carolina_Chickadee
Carolina_Chickadee_XC358101.wav,Carolina_Chickadee
Carolina_Chickadee_XC358103.wav,Carolina_Chickadee
Carolina_Chickadee_XC358104.wav,Carolina_Chickadee
Carolina_Chickadee_XC358105.wav,Carolina_Chickadee
Carolina_Chickadee_XC358106.wav,Carolina_Chickadee
Carolina_Chickadee_XC358107.wav,Carolina_Chickadee
Carolina_Chickadee_XC358108.wav,Carolina_Chickadee
Carolina_Chickadee_XC358109.wav,Carolina_Chickadee
Carolina_Chickadee_XC358441.wav,Carolina_Chickadee
Carolina_Chickadee_XC361490.wav,Carolina_Chickadee
Carolina_Chickadee_XC362250.wav,Carolina_Chickadee
Carolina_Chickadee_XC362251.wav,Carolina_Chickadee
Carolina_Chickadee_XC363863.wav,Carolina_Chickadee
Carolina_Chickadee_XC364473.wav,Carolina_Chickadee
Carolina_Chickadee_XC364941.wav,Carolina_Chickadee
Carolina_Chickadee_XC366391.wav,Carolina_Chickadee
Carolina_Chickadee_XC366600.wav,Carolina_Chickadee
Carolina_Chickadee_XC373255.wav,Carolina_Chickadee
Carolina_Chickadee_XC391431.wav,Carolina_Chickadee
Carolina_Chickadee_XC391432.wav,Carolina_Chickadee
Carolina_Chickadee_XC391441.wav,Carolina_Chickadee
Carolina_Chickadee_XC391442.wav,Carolina_Chickadee
Carolina_Chickadee_XC391702.wav,Carolina_Chickadee
Carolina_Chickadee_XC408368.wav,Carolina_Chickadee
Carolina_Chickadee_XC416791.wav,Carolina_Chickadee
Carolina_Chickadee_XC445791.wav,Carolina_Chickadee
Carolina_Chickadee_XC446798.wav,Carolina_Chickadee
Carolina_Chickadee_XC452616.wav,Carolina_Chickadee
Carolina_Chickadee_XC452617.wav,Carolina_Chickadee
Carolina_Chickadee_XC452618.wav,Carolina_Chickadee
Carolina_Chickadee_XC455117.wav,Carolina_Chickadee
Carolina_Chickadee_XC458045.wav,Carolina_Chickadee
Carolina_Chickadee_XC481971.wav,Carolina_Chickadee
Carolina_Chickadee_XC481972.wav,Carolina_Chickadee
Carolina_Chickadee_XC481987.wav,Carolina_Chickadee
Carolina_Chickadee_XC530457.wav,Carolina_Chickadee
Carolina_Chickadee_XC534330.wav,Carolina_Chickadee
Carolina_Chickadee_XC542154.wav,Carolina_Chickadee
Carolina_Chickadee_XC566447.wav,Carolina_Chickadee
Carolina_Chickadee_XC571268.wav,Carolina_Chickadee
Carolina_Wren_XC112512.wav,Carolina_Wren
Carolina_Wren_XC116314.wav,Carolina_Wren
Carolina_Wren_XC122447.wav,Carolina_Wren
Carolina_Wren_XC125657.wav,Carolina_Wren
Carolina_Wren_XC125658.wav,Carolina_Wren
Carolina_Wren_XC136279.wav,Carolina_Wren
Carolina_Wren_XC141031.wav,Carolina_Wren
Carolina_Wren_XC141281.wav,Carolina_Wren
Carolina_Wren_XC141460.wav,Carolina_Wren
Carolina_Wren_XC141555.wav,Carolina_Wren
Carolina_Wren_XC142554.wav,Carolina_Wren
Carolina_Wren_XC143793.wav,Carolina_Wren
Carolina_Wren_XC145774.wav,Carolina_Wren
Carolina_Wren_XC147165.wav,Carolina_Wren
Carolina_Wren_XC147193.wav,Carolina_Wren
Carolina_Wren_XC161200.wav,Carolina_Wren
Carolina_Wren_XC161228.wav,Carolina_Wren
Carolina_Wren_XC161230.wav,Carolina_Wren
Carolina_Wren_XC161235.wav,Carolina_Wren
Carolina_Wren_XC166959.wav,Carolina_Wren
Carolina_Wren_XC167825.wav,Carolina_Wren
Carolina_Wren_XC168620.wav,Carolina_Wren
Carolina_Wren_XC168622.wav,Carolina_Wren
Carolina_Wren_XC168623.wav,Carolina_Wren
Carolina_Wren_XC168625.wav,Carolina_Wren
Carolina_Wren_XC168626.wav,Carolina_Wren
Carolina_Wren_XC169159.wav,Carolina_Wren
Carolina_Wren_XC169160.wav,Carolina_Wren
Carolina_Wren_XC169161.wav,Carolina_Wren
Carolina_Wren_XC169363.wav,Carolina_Wren
Carolina_Wren_XC173574.wav,Carolina_Wren
Carolina_Wren_XC173577.wav,Carolina_Wren
Carolina_Wren_XC173579.wav,Carolina_Wren
Carolina_Wren_XC181691.wav,Carolina_Wren
Carolina_Wren_XC199434.wav,Carolina_Wren
Carolina_Wren_XC202128.wav,Carolina_Wren
Carolina_Wren_XC210844.wav,Carolina_Wren
Carolina_Wren_XC210846.wav,Carolina_Wren
Carolina_Wren_XC210847.wav,Carolina_Wren
Carolina_Wren_XC210850.wav,Carolina_Wren
Carolina_Wren_XC210852.wav,Carolina_Wren
Carolina_Wren_XC210853.wav,Carolina_Wren
Carolina_Wren_XC210855.wav,Carolina_Wren
Carolina_Wren_XC212257.wav,Carolina_Wren
Carolina_Wren_XC213519.wav,Carolina_Wren
Carolina_Wren_XC216250.wav,Carolina_Wren
Carolina_Wren_XC216274.wav,Carolina_Wren
Carolina_Wren_XC217121.wav,Carolina_Wren
Carolina_Wren_XC231100.wav,Carolina_Wren
Carolina_Wren_XC234668.wav,Carolina_Wren
Carolina_Wren_XC254934.wav,Carolina_Wren
Carolina_Wren_XC268213.wav,Carolina_Wren
Carolina_Wren_XC268634.wav,Carolina_Wren
Carolina_Wren_XC277282.wav,Carolina_Wren
Carolina_Wren_XC278595.wav,Carolina_Wren
Carolina_Wren_XC285279.wav,Carolina_Wren
Carolina_Wren_XC285280.wav,Carolina_Wren
Carolina_Wren_XC286401.wav,Carolina_Wren
Carolina_Wren_XC286403.wav,Carolina_Wren
Carolina_Wren_XC286404.wav,Carolina_Wren
Carolina_Wren_XC288991.wav,Carolina_Wren
Carolina_Wren_XC291923.wav,Carolina_Wren
Carolina_Wren_XC295852.wav,Carolina_Wren
Carolina_Wren_XC295853.wav,Carolina_Wren
Carolina_Wren_XC295854.wav,Carolina_Wren
Carolina_Wren_XC297112.wav,Carolina_Wren
Carolina_Wren_XC297113.wav,Carolina_Wren
Carolina_Wren_XC301432.wav,Carolina_Wren
Carolina_Wren_XC305161.wav,Carolina_Wren
Carolina_Wren_XC307754.wav,Carolina_Wren
Carolina_Wren_XC309314.wav,Carolina_Wren
Carolina_Wren_XC314878.wav,Carolina_Wren
Carolina_Wren_XC322025.wav,Carolina_Wren
Carolina_Wren_XC322614.wav,Carolina_Wren
Carolina_Wren_XC322615.wav,Carolina_Wren
Carolina_Wren_XC322617.wav,Carolina_Wren
Carolina_Wren_XC323734.wav,Carolina_Wren
Carolina_Wren_XC325250.wav,Carolina_Wren
Carolina_Wren_XC326953.wav,Carolina_Wren
Carolina_Wren_XC327791.wav,Carolina_Wren
Carolina_Wren_XC327792.wav,Carolina_Wren
Carolina_Wren_XC331001.wav,Carolina_Wren
Carolina_Wren_XC332763.wav,Carolina_Wren
Carolina_Wren_XC332764.wav,Carolina_Wren
Carolina_Wren_XC332786.wav,Carolina_Wren
Carolina_Wren_XC333282.wav,Carolina_Wren
Carolina_Wren_XC335342.wav,Carolina_Wren
Carolina_Wren_XC336484.wav,Carolina_Wren
Carolina_Wren_XC339676.wav,Carolina_Wren
Carolina_Wren_XC340726.wav,Carolina_Wren
Carolina_Wren_XC342512.wav,Carolina_Wren
Carolina_Wren_XC353910.wav,Carolina_Wren
Carolina_Wren_XC353911.wav,Carolina_Wren
Carolina_Wren_XC353922.wav,Carolina_Wren
Carolina_Wren_XC358111.wav,Carolina_Wren
Carolina_Wren_XC358181.wav,Carolina_Wren
Carolina_Wren_XC358182.wav,Carolina_Wren
Carolina_Wren_XC358183.wav,Carolina_Wren
Carolina_Wren_XC358184.wav,Carolina_Wren
Carolina_Wren_XC358185.wav,Carolina_Wren
Cedar_Waxwing_XC121795.wav,Cedar_Waxwing
Cedar_Waxwing_XC121796.wav,Cedar_Waxwing
Cedar_Waxwing_XC121797.wav,Cedar_Waxwing
Cedar_Waxwing_XC121798.wav,Cedar_Waxwing
Cedar_Waxwing_XC121799.wav,Cedar_Waxwing
Cedar_Waxwing_XC121800.wav,Cedar_Waxwing
Cedar_Waxwing_XC121801.wav,Cedar_Waxwing
Cedar_Waxwing_XC121802.wav,Cedar_Waxwing
Cedar_Waxwing_XC121804.wav,Cedar_Waxwing
Cedar_Waxwing_XC121805.wav,Cedar_Waxwing
Cedar_Waxwing_XC131645.wav,Cedar_Waxwing
Cedar_Waxwing_XC135078.wav,Cedar_Waxwing
Cedar_Waxwing_XC136106.wav,Cedar_Waxwing
Cedar_Waxwing_XC139901.wav,Cedar_Waxwing
Cedar_Waxwing_XC142477.wav,Cedar_Waxwing
Cedar_Waxwing_XC142478.wav,Cedar_Waxwing
Cedar_Waxwing_XC142622.wav,Cedar_Waxwing
Cedar_Waxwing_XC144027.wav,Cedar_Waxwing
Cedar_Waxwing_XC159393.wav,Cedar_Waxwing
Cedar_Waxwing_XC159774.wav,Cedar_Waxwing
Cedar_Waxwing_XC159842.wav,Cedar_Waxwing
Cedar_Waxwing_XC166089.wav,Cedar_Waxwing
Cedar_Waxwing_XC168871.wav,Cedar_Waxwing
Cedar_Waxwing_XC169237.wav,Cedar_Waxwing
Cedar_Waxwing_XC185609.wav,Cedar_Waxwing
Cedar_Waxwing_XC190455.wav,Cedar_Waxwing
Cedar_Waxwing_XC191446.wav,Cedar_Waxwing
Cedar_Waxwing_XC205985.wav,Cedar_Waxwing
Cedar_Waxwing_XC216848.wav,Cedar_Waxwing
Cedar_Waxwing_XC219783.wav,Cedar_Waxwing
Cedar_Waxwing_XC219784.wav,Cedar_Waxwing
Cedar_Waxwing_XC240175.wav,Cedar_Waxwing
Cedar_Waxwing_XC253514.wav,Cedar_Waxwing
Cedar_Waxwing_XC253578.wav,Cedar_Waxwing
Cedar_Waxwing_XC254630.wav,Cedar_Waxwing
Cedar_Waxwing_XC255275.wav,Cedar_Waxwing
Cedar_Waxwing_XC269177.wav,Cedar_Waxwing
Cedar_Waxwing_XC269178.wav,Cedar_Waxwing
Cedar_Waxwing_XC276800.wav,Cedar_Waxwing
Cedar_Waxwing_XC288251.wav,Cedar_Waxwing
Cedar_Waxwing_XC289252.wav,Cedar_Waxwing
Cedar_Waxwing_XC290061.wav,Cedar_Waxwing
Cedar_Waxwing_XC291918.wav,Cedar_Waxwing
Cedar_Waxwing_XC296871.wav,Cedar_Waxwing
Cedar_Waxwing_XC296878.wav,Cedar_Waxwing
Cedar_Waxwing_XC298968.wav,Cedar_Waxwing
Cedar_Waxwing_XC301200.wav,Cedar_Waxwing
Cedar_Waxwing_XC305407.wav,Cedar_Waxwing
Cedar_Waxwing_XC305408.wav,Cedar_Waxwing
Cedar_Waxwing_XC306115.wav,Cedar_Waxwing
Cedar_Waxwing_XC306661.wav,Cedar_Waxwing
Cedar_Waxwing_XC307463.wav,Cedar_Waxwing
Cedar_Waxwing_XC307481.wav,Cedar_Waxwing
Cedar_Waxwing_XC313682.wav,Cedar_Waxwing
Cedar_Waxwing_XC313683.wav,Cedar_Waxwing
Cedar_Waxwing_XC313684.wav,Cedar_Waxwing
Cedar_Waxwing_XC314414.wav,Cedar_Waxwing
Cedar_Waxwing_XC315584.wav,Cedar_Waxwing
Cedar_Waxwing_XC321881.wav,Cedar_Waxwing
Cedar_Waxwing_XC329907.wav,Cedar_Waxwing
Cedar_Waxwing_XC360354.wav,Cedar_Waxwing
Cedar_Waxwing_XC361006.wav,Cedar_Waxwing
Cedar_Waxwing_XC363168.wav,Cedar_Waxwing
Cedar_Waxwing_XC374142.wav,Cedar_Waxwing
Cedar_Waxwing_XC393132.wav,Cedar_Waxwing
Cedar_Waxwing_XC407872.wav,Cedar_Waxwing
Cedar_Waxwing_XC408579.wav,Cedar_Waxwing
Cedar_Waxwing_XC408580.wav,Cedar_Waxwing
Cedar_Waxwing_XC408581.wav,Cedar_Waxwing
Cedar_Waxwing_XC413151.wav,Cedar_Waxwing
Cedar_Waxwing_XC420964.wav,Cedar_Waxwing
Cedar_Waxwing_XC421284.wav,Cedar_Waxwing
Cedar_Waxwing_XC425137.wav,Cedar_Waxwing
Cedar_Waxwing_XC428497.wav,Cedar_Waxwing
Cedar_Waxwing_XC433093.wav,Cedar_Waxwing
Cedar_Waxwing_XC446808.wav,Cedar_Waxwing
Cedar_Waxwing_XC448827.wav,Cedar_Waxwing
Cedar_Waxwing_XC448828.wav,Cedar_Waxwing
Cedar_Waxwing_XC451821.wav,Cedar_Waxwing
Cedar_Waxwing_XC452615.wav,Cedar_Waxwing
Cedar_Waxwing_XC457006.wav,Cedar_Waxwing
Cedar_Waxwing_XC463263.wav,Cedar_Waxwing
Cedar_Waxwing_XC466823.wav,Cedar_Waxwing
Cedar_Waxwing_XC476655.wav,Cedar_Waxwing
Cedar_Waxwing_XC484150.wav,Cedar_Waxwing
Cedar_Waxwing_XC508125.wav,Cedar_Waxwing
Cedar_Waxwing_XC532748.wav,Cedar_Waxwing
Cedar_Waxwing_XC561191.wav,Cedar_Waxwing
Cedar_Waxwing_XC582126.wav,Cedar_Waxwing
Cedar_Waxwing_XC588041.wav,Cedar_Waxwing
Cedar_Waxwing_XC597191.wav,Cedar_Waxwing
Cedar_Waxwing_XC598824.wav,Cedar_Waxwing
Cedar_Waxwing_XC604912.wav,Cedar_Waxwing
Cedar_Waxwing_XC609432.wav,Cedar_Waxwing
Cedar_Waxwing_XC616703.wav,Cedar_Waxwing
Cedar_Waxwing_XC618048.wav,Cedar_Waxwing
Cedar_Waxwing_XC618289.wav,Cedar_Waxwing
Cedar_Waxwing_XC618290.wav,Cedar_Waxwing
Cedar_Waxwing_XC618291.wav,Cedar_Waxwing
Cedar_Waxwing_XC618292.wav,Cedar_Waxwing
Northern_Cardinal_XC110059.wav,Northern_Cardinal
Northern_Cardinal_XC112830.wav,Northern_Cardinal
Northern_Cardinal_XC130962.wav,Northern_Cardinal
Northern_Cardinal_XC130966.wav,Northern_Cardinal
Northern_Cardinal_XC141210.wav,Northern_Cardinal
Northern_Cardinal_XC141268.wav,Northern_Cardinal
Northern_Cardinal_XC142340.wav,Northern_Cardinal
Northern_Cardinal_XC142500.wav,Northern_Cardinal
Northern_Cardinal_XC143801.wav,Northern_Cardinal
Northern_Cardinal_XC143802.wav,Northern_Cardinal
Northern_Cardinal_XC143803.wav,Northern_Cardinal
Northern_Cardinal_XC143804.wav,Northern_Cardinal
Northern_Cardinal_XC144136.wav,Northern_Cardinal
Northern_Cardinal_XC145832.wav,Northern_Cardinal
Northern_Cardinal_XC147474.wav,Northern_Cardinal
Northern_Cardinal_XC153540.wav,Northern_Cardinal
Northern_Cardinal_XC158418.wav,Northern_Cardinal
Northern_Cardinal_XC163305.wav,Northern_Cardinal
Northern_Cardinal_XC163308.wav,Northern_Cardinal
Northern_Cardinal_XC163311.wav,Northern_Cardinal
Northern_Cardinal_XC163314.wav,Northern_Cardinal
Northern_Cardinal_XC163317.wav,Northern_Cardinal
Northern_Cardinal_XC163782.wav,Northern_Cardinal
Northern_Cardinal_XC165343.wav,Northern_Cardinal
Northern_Cardinal_XC169226.wav,Northern_Cardinal
Northern_Cardinal_XC172436.wav,Northern_Cardinal
Northern_Cardinal_XC177125.wav,Northern_Cardinal
Northern_Cardinal_XC177130.wav,Northern_Cardinal
Northern_Cardinal_XC177131.wav,Northern_Cardinal
Northern_Cardinal_XC177133.wav,Northern_Cardinal
Northern_Cardinal_XC177573.wav,Northern_Cardinal
Northern_Cardinal_XC189324.wav,Northern_Cardinal
Northern_Cardinal_XC190446.wav,Northern_Cardinal
Northern_Cardinal_XC190468.wav,Northern_Cardinal
Northern_Cardinal_XC190562.wav,Northern_Cardinal
Northern_Cardinal_XC192422.wav,Northern_Cardinal
Northern_Cardinal_XC197298.wav,Northern_Cardinal
Northern_Cardinal_XC199662.wav,Northern_Cardinal
Northern_Cardinal_XC202181.wav,Northern_Cardinal
Northern_Cardinal_XC203261.wav,Northern_Cardinal
Northern_Cardinal_XC204955.wav,Northern_Cardinal
Northern_Cardinal_XC205822.wav,Northern_Cardinal
Northern_Cardinal_XC205824.wav,Northern_Cardinal
Northern_Cardinal_XC220399.wav,Northern_Cardinal
Northern_Cardinal_XC220404.wav,Northern_Cardinal
Northern_Cardinal_XC220407.wav,Northern_Cardinal
Northern_Cardinal_XC234664.wav,Northern_Cardinal
Northern_Cardinal_XC236565.wav,Northern_Cardinal
Northern_Cardinal_XC237430.wav,Northern_Cardinal
Northern_Cardinal_XC237431.wav,Northern_Cardinal
Northern_Cardinal_XC252602.wav,Northern_Cardinal
Northern_Cardinal_XC263096.wav,Northern_Cardinal
Northern_Cardinal_XC266324.wav,Northern_Cardinal
Northern_Cardinal_XC266328.wav,Northern_Cardinal
Northern_Cardinal_XC266340.wav,Northern_Cardinal
Northern_Cardinal_XC266633.wav,Northern_Cardinal
Northern_Cardinal_XC266638.wav,Northern_Cardinal
Northern_Cardinal_XC270548.wav,Northern_Cardinal
Northern_Cardinal_XC274511.wav,Northern_Cardinal
Northern_Cardinal_XC286524.wav,Northern_Cardinal
Northern_Cardinal_XC287874.wav,Northern_Cardinal
Northern_Cardinal_XC287875.wav,Northern_Cardinal
Northern_Cardinal_XC288484.wav,Northern_Cardinal
Northern_Cardinal_XC297291.wav,Northern_Cardinal
Northern_Cardinal_XC297495.wav,Northern_Cardinal
Northern_Cardinal_XC303678.wav,Northern_Cardinal
Northern_Cardinal_XC306947.wav,Northern_Cardinal
Northern_Cardinal_XC309818.wav,Northern_Cardinal
Northern_Cardinal_XC309819.wav,Northern_Cardinal
Northern_Cardinal_XC309820.wav,Northern_Cardinal
Northern_Cardinal_XC309821.wav,Northern_Cardinal
Northern_Cardinal_XC313476.wav,Northern_Cardinal
Northern_Cardinal_XC313512.wav,Northern_Cardinal
Northern_Cardinal_XC320497.wav,Northern_Cardinal
Northern_Cardinal_XC321920.wav,Northern_Cardinal
Northern_Cardinal_XC321925.wav,Northern_Cardinal
Northern_Cardinal_XC322458.wav,Northern_Cardinal
Northern_Cardinal_XC325690.wav,Northern_Cardinal
Northern_Cardinal_XC325692.wav,Northern_Cardinal
Northern_Cardinal_XC326630.wav,Northern_Cardinal
Northern_Cardinal_XC326844.wav,Northern_Cardinal
Northern_Cardinal_XC330230.wav,Northern_Cardinal
Northern_Cardinal_XC330857.wav,Northern_Cardinal
Northern_Cardinal_XC330858.wav,Northern_Cardinal
Northern_Cardinal_XC340724.wav,Northern_Cardinal
Northern_Cardinal_XC353004.wav,Northern_Cardinal
Northern_Cardinal_XC359457.wav,Northern_Cardinal
Northern_Cardinal_XC359458.wav,Northern_Cardinal
Northern_Cardinal_XC360736.wav,Northern_Cardinal
Northern_Cardinal_XC361018.wav,Northern_Cardinal
Northern_Cardinal_XC366332.wav,Northern_Cardinal
Northern_Cardinal_XC373569.wav,Northern_Cardinal
Northern_Cardinal_XC381575.wav,Northern_Cardinal
Northern_Cardinal_XC382335.wav,Northern_Cardinal
Northern_Cardinal_XC385839.wav,Northern_Cardinal
Northern_Cardinal_XC386340.wav,Northern_Cardinal
Northern_Cardinal_XC388589.wav,Northern_Cardinal
Northern_Cardinal_XC388595.wav,Northern_Cardinal
Northern_Cardinal_XC388706.wav,Northern_Cardinal
Northern_Cardinal_XC391454.wav,Northern_Cardinal
Ruby-crowned_Kinglet_XC131366.wav,Ruby-crowned_Kinglet
Ruby-crowned_Kinglet_XC131957.wav,Ruby-crowned_Kinglet
Ruby-crowned_Kinglet_XC138055.wav,Ruby-crowned_Kinglet
Ruby-crowned_Kinglet_XC156726.wav,Ruby-crowned_Kinglet
Ruby-crowned_Kinglet_XC159571.wav,Ruby-crowned_Kinglet
Ruby-crowned_Kinglet_XC159642.wav,Ruby-crowned_Kinglet
Ruby-crowned_Kinglet_XC159644.wav,Ruby-crowned_Kinglet
Ruby-crowned_Kinglet_XC159694.wav,Ruby-crowned_Kinglet
Ruby-crowned_Kinglet_XC159810.wav,Ruby-crowned_Kinglet
Ruby-crowned_Kinglet_XC159890.wav,Ruby-crowned_Kinglet
Ruby-crowned_Kinglet_XC160389.wav,Ruby-crowned_Kinglet
Ruby-crowned_Kinglet_XC162427.wav,Ruby-crowned_Kinglet
Ruby-crowned_Kinglet_XC170149.wav,Ruby-crowned_Kinglet
Ruby-crowned_Kinglet_XC173892.wav,Ruby-crowned_Kinglet
Ruby-crowned_Kinglet_XC173893.wav,Ruby-crowned_Kinglet
Ruby-crowned_Kinglet_XC173895.wav,Ruby-crowned_Kinglet
Ruby-crowned_Kinglet_XC175094.wav,Ruby-crowned_Kinglet
Ruby-crowned_Kinglet_XC181496.wav,Ruby-crowned_Kinglet
Ruby-crowned_Kinglet_XC188240.wav,Ruby-crowned_Kinglet
Ruby-crowned_Kinglet_XC188379.wav,Ruby-crowned_Kinglet
Ruby-crowned_Kinglet_XC191466.wav,Ruby-crowned_Kinglet
Ruby-crowned_Kinglet_XC193049.wav,Ruby-crowned_Kinglet
Ruby-crowned_Kinglet_XC201424.wav,Ruby-crowned_Kinglet
Ruby-crowned_Kinglet_XC203760.wav,Ruby-crowned_Kinglet
Ruby-crowned_Kinglet_XC210994.wav,Ruby-crowned_Kinglet
Ruby-crowned_Kinglet_XC211133.wav,Ruby-crowned_Kinglet
Ruby-crowned_Kinglet_XC229050.wav,Ruby-crowned_Kinglet
Ruby-crowned_Kinglet_XC229051.wav,Ruby-crowned_Kinglet
Ruby-crowned_Kinglet_XC229052.wav,Ruby-crowned_Kinglet
Ruby-crowned_Kinglet_XC229930.wav,Ruby-crowned_Kinglet
Ruby-crowned_Kinglet_XC229931.wav,Ruby-crowned_Kinglet
Ruby-crowned_Kinglet_XC229932.wav,Ruby-crowned_Kinglet
Ruby-crowned_Kinglet_XC229933.wav,Ruby-crowned_Kinglet
Ruby-crowned_Kinglet_XC229934.wav,Ruby-crowned_Kinglet
Ruby-crowned_Kinglet_XC229935.wav,Ruby-crowned_Kinglet
Ruby-crowned_Kinglet_XC229936.wav,Ruby-crowned_Kinglet
Ruby-crowned_Kinglet_XC229944.wav,Ruby-crowned_Kinglet
Ruby-crowned_Kinglet_XC232971.wav,Ruby-crowned_Kinglet
Ruby-crowned_Kinglet_XC233657.wav,Ruby-crowned_Kinglet
Ruby-crowned_Kinglet_XC233730.wav,Ruby-crowned_Kinglet
Ruby-crowned_Kinglet_XC284509.wav,Ruby-crowned_Kinglet
Ruby-crowned_Kinglet_XC288237.wav,Ruby-crowned_Kinglet
Ruby-crowned_Kinglet_XC288840.wav,Ruby-crowned_Kinglet
Ruby-crowned_Kinglet_XC289253.wav,Ruby-crowned_Kinglet
Ruby-crowned_Kinglet_XC289677.wav,Ruby-crowned_Kinglet
Ruby-crowned_Kinglet_XC291496.wav,Ruby-crowned_Kinglet
Ruby-crowned_Kinglet_XC291497.wav,Ruby-crowned_Kinglet
Ruby-crowned_Kinglet_XC291510.wav,Ruby-crowned_Kinglet
Ruby-crowned_Kinglet_XC293811.wav,Ruby-crowned_Kinglet
Ruby-crowned_Kinglet_XC294802.wav,Ruby-crowned_Kinglet
Ruby-crowned_Kinglet_XC296931.wav,Ruby-crowned_Kinglet
Ruby-crowned_Kinglet_XC306158.wav,Ruby-crowned_Kinglet
Ruby-crowned_Kinglet_XC306521.wav,Ruby-crowned_Kinglet
Ruby-crowned_Kinglet_XC306946.wav,Ruby-crowned_Kinglet
Ruby-crowned_Kinglet_XC312984.wav,Ruby-crowned_Kinglet
Ruby-crowned_Kinglet_XC319406.wav,Ruby-crowned_Kinglet
Ruby-crowned_Kinglet_XC319514.wav,Ruby-crowned_Kinglet
Ruby-crowned_Kinglet_XC322945.wav,Ruby-crowned_Kinglet
Ruby-crowned_Kinglet_XC323030.wav,Ruby-crowned_Kinglet
Ruby-crowned_Kinglet_XC335809.wav,Ruby-crowned_Kinglet
Ruby-crowned_Kinglet_XC344647.wav,Ruby-crowned_Kinglet
Ruby-crowned_Kinglet_XC351653.wav,Ruby-crowned_Kinglet
Ruby-crowned_Kinglet_XC352807.wav,Ruby-crowned_Kinglet
Ruby-crowned_Kinglet_XC352809.wav,Ruby-crowned_Kinglet
Ruby-crowned_Kinglet_XC356194.wav,Ruby-crowned_Kinglet
Ruby-crowned_Kinglet_XC358259.wav,Ruby-crowned_Kinglet
Ruby-crowned_Kinglet_XC358321.wav,Ruby-crowned_Kinglet
Ruby-crowned_Kinglet_XC369850.wav,Ruby-crowned_Kinglet
Ruby-crowned_Kinglet_XC371954.wav,Ruby-crowned_Kinglet
Ruby-crowned_Kinglet_XC381790.wav,Ruby-crowned_Kinglet
Ruby-crowned_Kinglet_XC389093.wav,Ruby-crowned_Kinglet
Ruby-crowned_Kinglet_XC389094.wav,Ruby-crowned_Kinglet
Ruby-crowned_Kinglet_XC389095.wav,Ruby-crowned_Kinglet
Ruby-crowned_Kinglet_XC389431.wav,Ruby-crowned_Kinglet
Ruby-crowned_Kinglet_XC389971.wav,Ruby-crowned_Kinglet
Ruby-crowned_Kinglet_XC391428.wav,Ruby-crowned_Kinglet
Ruby-crowned_Kinglet_XC409154.wav,Ruby-crowned_Kinglet
Ruby-crowned_Kinglet_XC412985.wav,Ruby-crowned_Kinglet
Ruby-crowned_Kinglet_XC420568.wav,Ruby-crowned_Kinglet
Ruby-crowned_Kinglet_XC420579.wav,Ruby-crowned_Kinglet
Ruby-crowned_Kinglet_XC425111.wav,Ruby-crowned_Kinglet
Ruby-crowned_Kinglet_XC425113.wav,Ruby-crowned_Kinglet
Ruby-crowned_Kinglet_XC442351.wav,Ruby-crowned_Kinglet
Ruby-crowned_Kinglet_XC445578.wav,Ruby-crowned_Kinglet
Ruby-crowned_Kinglet_XC448727.wav,Ruby-crowned_Kinglet
Ruby-crowned_Kinglet_XC451203.wav,Ruby-crowned_Kinglet
Ruby-crowned_Kinglet_XC451349.wav,Ruby-crowned_Kinglet
Ruby-crowned_Kinglet_XC451489.wav,Ruby-crowned_Kinglet
Ruby-crowned_Kinglet_XC452757.wav,Ruby-crowned_Kinglet
Ruby-crowned_Kinglet_XC453219.wav,Ruby-crowned_Kinglet
Ruby-crowned_Kinglet_XC457447.wav,Ruby-crowned_Kinglet
Ruby-crowned_Kinglet_XC466168.wav,Ruby-crowned_Kinglet
Ruby-crowned_Kinglet_XC475136.wav,Ruby-crowned_Kinglet
Ruby-crowned_Kinglet_XC494390.wav,Ruby-crowned_Kinglet
Ruby-crowned_Kinglet_XC494391.wav,Ruby-crowned_Kinglet
Ruby-crowned_Kinglet_XC511297.wav,Ruby-crowned_Kinglet
Ruby-crowned_Kinglet_XC522476.wav,Ruby-crowned_Kinglet
Ruby-crowned_Kinglet_XC531121.wav,Ruby-crowned_Kinglet
Ruby-crowned_Kinglet_XC531122.wav,Ruby-crowned_Kinglet
Ruby-crowned_Kinglet_XC534254.wav,Ruby-crowned_Kinglet
